date,Virginia,California,Florida,Texas,New York,Arizona,New Jersey,West Virginia,Nevada,North Carolina,Colorado,Michigan,Georgia,South Carolina,Massachusetts,Missouri,Connecticut,Hawaii,Oregon,Iowa,Tennessee,Delaware,Washington,Vermont,the District of Columbia,Pennsylvania,Wisconsin,North Dakota,Indiana,Illinois,Utah,Montana,Idaho,Kentucky,Maine,Minnesota,Maryland,Rhode Island,Nebraska,Kansas,New Mexico,Ohio,New Hampshire,Alaska,Oklahoma,Arkansas,Alabama,Louisiana,South Dakota,Wyoming,Mississippi
1/1/00,137233,199238,115665,114445,150761,135257,185076,71413,162642,135455,184640,122662,132164,122690,206419,101566,172135,222052,160653,96763,114902,152083,173618,128489,187207,106491,119399,,104730,147340,179799,,126669,93970,116410,135433,162683,144059,121018,96609,,112006,139728,132292,80820,81668,103937,106413,119069,,85835
2/1/00,137726,200084,116007,114569,151532,135585,185840,71473,162689,135788,185539,122867,132610,123096,207400,101770,173076,221932,161166,97055,115091,152479,174213,128863,188179,106851,119451,,104666,147663,179947,,126622,94077,117009,136117,162709,145017,121337,96672,,112171,140419,132480,80886,81842,104218,106762,118802,,85847
3/1/00,138185,201150,116368,114609,152176,135970,186480,71547,163004,136072,186391,123258,133054,123368,208425,102020,173952,222425,161564,97296,115238,152890,174724,129339,189085,107142,119697,,104566,148103,180156,,126735,94214,117455,136656,162911,145894,121578,96842,,112347,141141,132632,81104,81995,104372,106969,118429,,85893
4/1/00,139012,203391,117069,114816,153537,136721,187858,71680,163673,136662,188316,123953,133943,123995,210358,102551,175331,223113,162387,97796,115569,153757,175715,130196,191135,107710,120009,,104102,148967,180643,,126909,94516,118439,137905,163329,147567,121973,97056,,112803,142118,132759,81443,82306,104722,107434,118016,,86054
5/1/00,139735,205795,117736,114866,154766,137503,189055,71811,164384,137216,190221,124805,134792,124470,212239,103134,176284,224466,162987,98270,115862,154650,176652,131036,193052,108201,120485,,103970,149857,182512,,127323,94838,119202,139067,164047,149001,122100,97327,,113355,143135,133007,81847,82533,105052,107821,117942,,86481
6/1/00,140390,208296,118398,114937,156030,138114,190420,71996,165027,137760,192291,125613,135626,124984,214193,103710,177205,225801,163504,98684,116103,155537,177432,131713,195238,108648,120938,,104085,150723,184117,,127726,95145,120041,140387,164783,149868,122159,97586,,113948,144130,133104,82170,82729,105423,108206,117793,,86966
7/1/00,141231,210894,119051,114942,157058,138764,191863,72221,165532,138250,194275,126530,136430,125441,216517,104316,178217,227065,163886,99076,116359,156382,178296,132361,197201,109100,121525,,104692,151678,185649,,128074,95487,120879,141775,165600,150681,122190,97940,,114450,145595,133496,82514,82906,105711,108544,117663,,87355
8/1/00,142190,213648,119723,115159,157911,139391,193635,72543,166188,138692,196502,127375,137297,125969,219399,104995,179468,228634,164357,99368,116611,157097,179020,133022,198824,109494,122122,,105123,152787,185843,,128427,95879,121717,143884,166272,151523,122419,98312,,114917,147217,133492,82822,83150,105960,108756,117399,,87689
9/1/00,143224,216417,120407,115411,158657,140139,195536,72785,166895,139125,198751,128150,138178,126522,222554,105670,180700,230120,164716,99712,116942,157744,179676,133772,199995,109911,122694,,105439,153932,186334,,128695,96318,122594,145822,166986,152681,122670,98650,,115382,148913,133681,83107,83442,106265,109108,117769,,87991
10/1/00,144163,219043,121105,115674,159511,140826,197404,73117,167595,139608,200967,128872,139115,127062,225837,106396,182100,231742,165113,100165,117240,158324,180250,134745,199947,110308,123262,,105831,155066,186762,,128991,96705,123396,147817,167774,153764,122933,99032,,115839,150949,133585,83372,83741,106640,109548,118019,,88415
11/1/00,145158,221671,121841,116007,160647,141470,198973,73603,168302,140187,203086,129678,140038,127614,228917,107187,183491,232566,165537,100594,117601,159191,180908,135697,200341,110794,123786,,106408,156096,187394,,129214,97154,124495,149273,168610,154799,123271,99474,,116301,152781,133890,83729,84202,107077,110170,117944,,88864
12/1/00,146196,224253,122609,116388,161865,142102,200370,74248,168973,140803,205120,130544,141058,128043,232025,107898,184697,233451,166066,101116,118029,159935,181773,136659,200856,111302,124336,,107099,157074,187965,,129470,97635,125683,151019,169560,155991,123621,100002,,116758,154703,134293,84172,84718,107563,110780,117760,,89507
1/1/01,147252,226325,123376,116624,163032,142721,201724,74996,169662,141456,207225,131346,142064,128632,234747,108389,185837,234210,166683,101414,118540,160850,182674,137481,202074,111807,124843,,107591,157987,188535,,129968,98237,127199,152514,170289,157133,124231,100685,,117199,156386,137691,84671,85350,108121,111481,117905,,90103
2/1/01,148154,228471,124184,116581,164001,143349,203435,75339,170457,141906,209176,131977,142925,129140,237303,108738,186835,235006,167170,101766,118923,161554,183593,138559,203184,112296,125421,,107734,158806,188816,,130434,98762,128511,153909,171020,158359,124547,101460,,117575,158370,142240,85135,85656,108567,112084,118260,,90424
3/1/01,149141,230923,125039,116374,164961,143980,205136,75650,171297,142307,211182,132547,143680,129706,239911,109228,188129,235673,167718,101978,119272,162441,184445,139686,204598,112829,126021,,107790,159764,189003,,131120,99276,129765,155377,171652,159733,120737,102236,,117967,160156,147682,85512,85905,108942,112701,118929,,90647
4/1/01,150155,234012,125969,116294,165985,144620,207000,75772,172150,142592,213096,133080,144357,130023,242644,109864,189544,236501,168154,102346,119542,163226,185258,140799,206776,113408,126699,,107828,160689,189193,,131690,99710,130719,156995,172605,161384,116688,102832,,118360,162062,150805,85850,86020,109196,113212,119418,,90859
5/1/01,151291,236868,126935,116388,167081,145262,208719,76121,173036,142943,214976,133706,145109,130435,245407,110551,191043,237761,168649,102705,119852,164064,185864,141730,208937,113896,127313,,108144,161811,189288,,132214,100159,131992,158530,173613,162991,112877,103372,,118743,164185,153426,86112,86342,109455,113631,120180,,91260
6/1/01,152361,239349,127935,116525,168241,145894,210635,76387,173940,143256,216643,134263,145798,130842,248281,111253,192427,239082,169125,103141,120112,164811,186496,142583,211024,114368,127926,,108508,162850,189499,,132523,100620,133315,160037,174796,164558,113181,103882,,119065,166383,155562,86377,86653,109706,113990,120351,,91603
7/1/01,153532,241699,129022,116648,169430,146476,212611,76641,174983,143532,218319,134808,146471,131362,251298,111938,193694,240520,169702,103523,120343,165490,187044,143455,213179,114867,128548,,108917,163943,189631,,132892,101057,134779,161619,175976,166221,113534,104376,,119419,168488,157644,86618,87012,109990,114327,120618,,91864
8/1/01,154656,244046,130173,116738,170654,147080,214786,76876,176129,143870,219984,135372,147160,131702,254603,112554,195534,241863,170361,103951,120644,166168,187812,144194,215695,115415,129188,,109209,165052,189941,,133379,101413,135859,163429,177297,168304,113801,104836,,119805,170312,158873,86919,87271,110208,114736,120537,,92166
9/1/01,155841,246384,131340,116846,171804,147706,217098,77061,177223,144196,221460,135995,147847,132012,257668,113168,197455,243459,170941,104364,120953,166912,188425,144966,218397,115952,129821,,109304,166227,190181,,133893,101712,136939,165321,178617,170542,114083,105251,,120190,172234,159787,87239,87500,110498,115168,120599,,92434
10/1/01,156957,248590,132498,116970,173034,148403,219504,77300,178266,144576,222728,136616,148534,132322,261099,113828,199667,245067,171509,104780,121308,167735,189211,145846,221077,116427,130437,,109555,167423,190471,,134361,101984,137890,167279,179848,173086,114331,105696,,120557,174060,160391,87536,87624,110848,115594,120854,,92870
11/1/01,158169,250671,133587,117042,174332,149099,221578,77409,179107,144825,223734,137156,149139,132675,264383,114533,201394,246425,172013,105181,121559,168606,189850,146973,223596,116948,131027,,109723,168459,190647,,134593,102266,139194,169038,181091,175159,114587,106138,,120886,175843,161361,87777,87736,111178,116007,121129,,93110
12/1/01,159290,252632,134676,117111,175735,149724,223438,77505,180066,145068,224519,137676,149720,133015,267441,115246,202792,247646,172613,105622,121743,169512,190780,148110,226229,117437,131614,,110061,169326,190714,,134865,102525,140380,170481,182389,177289,114889,106619,,121200,177651,162352,88014,87815,111389,116338,121267,,93303
1/1/02,160353,254140,135714,117179,177139,150220,225222,77579,180853,145283,224884,138264,150235,133243,269769,115893,203948,248441,173186,105866,121877,170458,191485,149315,228701,117949,132184,,110039,170123,190762,,135019,102747,141814,171679,183731,178877,115263,107074,,121472,179479,163107,88265,87948,111497,116570,121393,,93415
2/1/02,161446,255804,136708,117378,178427,150692,227235,77839,181569,145500,225356,138795,150796,133385,271877,116544,205158,249759,173763,106059,122099,171455,192262,150536,231305,118493,132765,,110090,171012,190696,,135362,103008,143254,172739,185035,180794,115620,107448,,121738,181252,163847,88595,88137,111692,116944,122099,,93484
3/1/02,162614,257765,137702,117740,179530,151245,229353,78181,182411,145728,226094,139299,151310,133550,274204,117090,206722,251181,174315,106166,122335,172560,192922,151840,233422,119089,133312,,109949,172136,190860,,135580,103252,144823,173786,186384,182665,115963,107790,,122024,182788,164552,88872,88341,111852,117386,122519,,93580
4/1/02,163944,260470,138772,118207,180663,151859,231500,78445,183434,145860,227020,139660,151845,133703,276710,117626,208487,253011,174888,106554,122534,173687,193514,153062,236073,119752,133848,,109893,173077,191032,,135834,103495,146456,174782,187936,184952,116209,108096,137597,122315,184539,165565,89149,88543,112042,117896,122800,152446,93549
5/1/02,165260,263496,139913,118666,181856,152453,233677,78623,184543,146078,227970,140013,152337,133970,279368,118168,210491,254390,175619,107034,122729,174774,193969,154135,238911,120428,134371,,110003,174103,191163,,136081,103682,147903,176130,189862,187519,116600,107937,137857,122619,186097,166220,89352,88790,112254,118897,122857,150321,93733
6/1/02,166729,266804,141093,119165,183241,153138,236098,78780,185422,146263,228741,140377,152815,134199,282048,118792,212686,256061,176453,107603,122935,175908,194345,155171,242235,121139,134910,,110310,175005,191264,,136462,103890,149428,177387,191944,190245,116914,107761,137919,122917,187915,166643,89565,89074,112499,119647,123334,149644,93939
7/1/02,168250,270691,142278,119646,184680,153866,238762,78998,186296,146535,229497,140677,153234,134563,285140,119445,214918,258187,177330,108020,123170,177035,194891,156034,245332,121921,135437,,110659,176202,191363,,136789,104159,150901,178762,194179,193266,117269,107578,138276,123251,189640,167007,89799,89399,112769,120454,123790,148491,94310
8/1/02,169857,274825,143577,120165,186292,154731,242099,79264,187210,146767,229955,141028,153637,134860,288323,120019,216989,261004,177965,108371,123354,178212,195541,156819,248247,122804,136038,,110702,177465,191326,,137074,104440,152229,179953,196430,196938,117546,107558,138629,123574,191741,167430,90054,89653,112977,,124158,148901,94549
9/1/02,171432,278950,144806,120579,187894,155404,245707,79513,187986,146999,230490,141326,154070,135176,291904,120641,218733,264365,178540,108617,123561,179257,196147,157462,251474,123692,136640,,110634,178717,191106,,137361,104740,153508,181242,198625,201348,117890,107591,139058,123898,193915,168031,90343,89946,113229,120240,124713,149761,94884
10/1/02,172959,282822,146041,120932,189445,156132,249442,79890,189003,147229,231041,141739,154543,135473,296142,121322,221098,267445,179097,108951,123823,180397,196755,158226,255008,124549,137355,,110726,179881,190623,,137677,105019,154656,182480,200738,205353,118281,107625,139399,124233,196363,168463,90618,90301,113482,120281,124981,150360,95227
11/1/02,174390,286671,147190,121236,190940,156747,252699,80083,190142,147440,231560,142110,154952,135819,300472,122012,223762,270162,179841,109341,124071,181526,197336,159069,259439,125244,137976,,110943,180734,190413,,137930,105307,155952,183748,202655,208560,118647,108474,139738,124599,198595,169078,90899,90682,113766,120804,125150,150901,95530
12/1/02,175723,290492,148519,121502,192548,157492,255767,80246,191441,147680,231757,142514,155289,136165,304465,122612,226244,272182,180562,109795,124320,182836,197741,160018,263839,125953,138607,,111214,181710,190184,,138059,105556,157284,185190,204691,211090,119077,109179,140052,124973,200874,169625,91171,91043,114056,121310,125230,151152,95758
1/1/03,176878,293727,149870,121758,194134,158143,258750,80306,192636,147924,231795,142892,155613,136505,307445,123141,228239,274636,181258,110170,124484,184208,198325,160955,267583,126645,139098,,111272,182649,190084,,138187,105794,158750,186621,206573,213617,119539,109913,140415,125318,203027,170047,91426,91273,114296,121794,125898,151698,95879
2/1/03,178131,296774,151297,121954,195736,158876,261749,80663,193857,148170,231874,143274,155954,136921,310432,123720,229744,277715,181887,110507,124753,185755,198914,162018,270817,127394,139646,,111329,183779,190150,,138451,106085,160125,187930,208582,216540,120023,110150,140684,125675,205294,170430,91698,91560,114622,122232,127027,152281,96056
3/1/03,179484,300101,152753,122210,197546,159510,264737,81070,195223,148412,232290,143494,156356,137314,313514,124285,231701,281425,182594,110764,125001,187383,199916,163092,273665,128112,140306,,111359,184803,190128,,138536,106391,161355,189135,210595,219751,120478,110010,140913,126012,207638,170778,91988,91824,114949,122550,127571,152717,96321
4/1/03,181088,304041,154324,122432,199246,160268,267752,81506,196651,148606,232695,143759,156708,137598,316957,124857,233875,284938,183373,111055,125310,189067,200893,164083,277108,128898,141003,,111514,185969,190350,,139044,106700,162364,190283,212840,223100,120853,109467,141080,126373,209714,171319,92310,92150,115367,122607,127766,153278,96663
5/1/03,182811,308354,155927,122649,200964,161022,270880,81869,198347,148823,232906,144186,157018,137887,320243,125476,236507,288725,184252,111344,125597,190811,202106,165107,280594,129859,141850,,111732,186982,190553,,139533,106987,163882,191599,215253,226659,121364,109209,141323,126718,212013,172215,92564,92520,115669,122611,127375,154096,96953
6/1/03,184592,312050,157484,122849,202602,161867,274198,82225,200029,149013,233021,144724,157281,138227,323062,126161,239022,292665,185211,111676,125910,192382,203193,166173,284341,130981,142725,,112033,187920,190967,,140149,107257,165463,192802,217937,230465,121796,109335,141769,127116,214088,173373,92774,92892,115928,122729,127564,155142,97167
7/1/03,186548,316182,159020,123037,204356,162721,277642,82591,202092,149257,233174,145214,157540,138752,325227,126835,241415,296564,186299,112079,126202,193957,204329,167310,287976,132153,143706,,112351,188822,191187,,140467,107536,167346,194126,220703,234610,122374,110069,142316,127547,216170,175287,92964,93307,116169,123044,127927,155940,97217
8/1/03,188508,320593,160619,123279,206392,163670,281182,82810,204263,149563,233413,145674,157899,139231,327428,127511,243525,300557,187509,112575,126506,195534,205672,,291421,133212,144838,,112581,190021,191276,,140781,107821,169260,195386,223549,238162,122829,110656,142896,128054,218064,176639,93215,93657,116445,123543,128702,156678,97451
9/1/03,190546,325648,162275,123471,208554,164755,284391,83013,206828,149873,233671,146183,158274,139717,330001,128185,245940,304413,188673,113082,126819,197378,207012,171201,294872,134261,146009,,112730,191386,191339,,141189,108164,171393,196778,226457,241357,123416,111350,143320,128550,220305,178353,93509,94068,116755,124018,129714,157308,97679
10/1/03,192631,330381,163939,123688,210714,165788,287259,83147,209449,150178,233898,146802,158652,140179,332820,128913,247958,309798,189901,113580,127167,199114,208335,173532,298970,135243,147260,,112959,192689,191463,,141498,108511,173601,198021,229434,244518,123908,111868,143817,129030,222683,179811,93771,94450,117009,124622,130853,158079,98067
11/1/03,194627,334924,165552,123815,212454,166618,289674,83442,212578,150440,234328,147307,158970,140638,335585,129569,250415,315288,190956,114027,127472,200631,209358,174652,302268,136120,148063,,113171,193758,191690,,141675,108823,175198,199274,232153,247801,124436,112160,144415,129402,224639,181201,93998,94832,117292,125057,131521,158804,98254
12/1/03,196553,339340,167085,123941,214038,167334,292031,83800,215699,150768,234765,147806,159337,141102,338112,130265,252630,319823,192016,114454,127762,201935,210530,175649,305286,136903,148747,,113412,194703,191930,,141976,109101,176805,200476,234695,251251,124952,112484,145277,129758,226217,182301,94238,95181,117547,125509,131775,159396,98398
1/1/04,198283,344048,168645,124482,215699,167991,294457,84283,219296,151110,235136,148288,159661,141532,340498,130873,254832,324047,192800,114786,128051,203363,211819,176550,308513,137605,149324,,113573,195818,192171,,142337,109356,178431,201632,237036,254101,125495,112690,145970,130061,227846,182283,94551,95568,117833,125954,131863,159931,98579
2/1/04,200341,349442,170228,,217312,168945,297087,84823,222910,151476,235455,148689,160036,142031,343010,131366,256573,329126,193745,115024,128420,204880,213155,178286,312101,138548,150174,,113747,196930,192578,,142918,109653,180560,202884,239674,257505,126082,113000,146785,130438,229684,183175,94902,96053,118114,126511,132501,160552,98847
3/1/04,202777,355533,172020,,218628,170088,300133,85476,,151798,235847,149134,160405,142564,345661,131738,258418,334733,194874,115287,128837,206474,214568,179992,316282,139464,151022,,114003,198095,192988,,143540,109906,182711,204110,242300,260629,126632,113450,147329,130830,231634,183728,95207,96583,118453,127146,133248,161402,99199
4/1/04,205692,362477,173989,128664,220014,171472,303425,86006,234244,152144,236459,149429,160901,143063,348659,132057,260769,341077,196308,115640,129297,208506,216228,181845,320069,140514,152068,,114214,199392,193441,,144255,110104,184700,205573,245513,264078,127144,114174,147928,131208,233778,185131,95475,97139,118782,127736,133794,162502,99497
5/1/04,209134,370495,176294,129620,221697,173155,307293,86465,241698,152454,237189,149835,161381,143717,351571,132534,263622,347128,198060,116032,129709,210925,218377,184247,324818,141735,153366,,114617,200825,193605,,145006,110317,187275,207006,249040,267702,127733,114760,148626,131573,236184,186295,95715,97600,119184,128221,134482,163725,99787
6/1/04,212962,379356,178893,130086,223764,174977,311303,86889,249389,152848,237958,150207,161823,144418,354204,133085,266752,355339,199920,116444,130136,213831,220764,186699,329991,143142,154812,,115003,202412,193846,,145876,110574,190064,208612,253282,272022,128300,115183,149640,131923,238654,187687,95949,98068,119675,128794,135394,165140,100027
7/1/04,217280,388102,181758,130650,226010,,315514,87504,260386,153235,238594,150642,162230,145267,356898,133766,269791,363971,202027,116816,130596,216665,223031,188836,336287,144772,156394,,115440,203861,194060,,146799,110917,193074,210023,257776,276377,128957,115374,150762,132312,240623,189062,96188,98507,120246,129342,136636,166474,100345
8/1/04,221729,396265,184910,131150,228220,,319791,88137,269645,153659,239180,151054,162739,145964,359638,134327,272584,372425,203996,117231,131088,219347,225147,190011,341802,146236,157557,,115797,205300,194287,,147626,111214,194629,211295,262788,280218,129448,115734,151638,132635,242563,190239,96508,98998,120737,130099,137564,168046,100742
9/1/04,226135,404040,187994,131788,230566,182664,323936,88746,280646,154111,239407,151442,163294,146755,363077,134801,275288,378968,205881,117595,131601,221810,227095,191214,348689,147714,158657,,116028,206523,194434,,148320,111511,195930,212486,267722,283307,129763,117045,152226,132954,244354,191972,96913,99505,121185,130714,138388,169487,101297
10/1/04,229877,411630,190888,132336,232782,185352,328021,89307,287820,154611,239786,151892,163895,147565,366315,135242,278398,385353,207614,117983,132144,224668,229052,192856,357039,148919,159616,,116366,207785,194529,,148921,111865,196985,213578,272192,286729,129989,118431,152806,133257,246247,193662,97348,100012,121678,131359,139071,170780,101874
11/1/04,233118,418037,193574,132820,235067,188007,331720,89886,294839,155122,240097,152276,164379,148451,369302,135762,281756,391419,209414,118260,132651,228322,231131,194714,365133,150245,160671,,116651,209058,194558,,149619,112197,199092,214567,276321,289801,130244,119770,153367,133587,248236,195436,97667,100515,122311,131995,139765,171913,102297
12/1/04,236402,424531,196426,133242,237201,191394,335200,90453,298768,155629,240744,152669,164808,149283,371674,136347,284699,398751,211165,118655,133169,232946,233552,196714,370323,151532,161674,,117009,210501,194515,,150345,112536,201157,215596,280365,293153,130724,120218,154028,133899,250314,196950,97993,101004,122976,132601,140280,173287,102564
1/1/05,239827,430119,199461,133824,239284,194939,338540,91094,302290,155982,241400,153091,165142,150105,373950,136904,286883,404111,212727,118969,133644,236160,235997,198536,371920,152902,162145,,117877,211804,194498,,151263,112888,204188,216948,284567,296286,131226,120807,154666,134265,252391,198379,98387,101654,123496,132900,141021,174661,102738
2/1/05,243131,436692,202760,134328,241350,199433,341727,91785,308328,156437,241860,153404,165495,150934,376928,137406,288684,411072,214531,119377,134267,238234,238087,200439,376475,153895,162515,,118916,213146,194885,184006,152353,113302,206815,218409,288546,299410,131695,121326,155316,134665,254290,199645,98788,102384,123890,133114,141936,175687,103126
3/1/05,246751,443486,206509,134830,243209,203973,345136,92313,314459,156843,242384,153728,165879,151917,380005,137894,291177,418148,216823,119706,134968,239886,240651,202332,382709,154936,162941,,119968,214466,195435,183988,153739,113816,209264,219558,292538,302093,132186,121783,156220,135073,256325,200671,99161,103165,124182,133265,142818,176473,103627
4/1/05,250958,451316,210900,135214,245257,209633,349231,92808,323132,157455,243016,153980,166439,152867,383284,138408,294076,427893,220120,120226,135764,242299,243802,204821,390881,156132,163924,,120451,215977,196258,184808,155057,114335,210545,220906,297435,305458,132638,122058,157167,135450,258769,201863,99483,103883,124532,133842,143611,177021,104242
5/1/05,256010,458491,215700,135612,247436,216151,353694,93425,327990,158059,243896,154347,167105,153833,385866,139048,297284,437481,223687,120905,136554,246012,247489,206914,396469,157633,165173,,120966,217549,196923,185842,156670,114839,211801,222280,302879,308272,133184,122473,158200,135763,260924,203567,99837,104558,124922,134472,144306,178026,104755
6/1/05,260796,464968,220882,136018,249664,224566,358326,94237,332101,158834,244690,154589,167840,154846,387414,139696,300342,448006,227605,121730,137394,248519,251757,208769,402065,159338,166518,,121634,219094,197726,187179,158744,115281,212851,223683,308963,310723,133594,122333,159304,136096,262663,204791,100139,105241,125417,135365,145181,179047,105452
7/1/05,265377,471250,226380,136335,252050,233723,362605,95075,334345,159657,245378,154750,168472,156095,388255,140346,303276,458690,231644,122599,138330,250808,256330,210383,408588,161105,167851,,122329,220567,198653,188132,161240,115717,214070,224676,315189,312435,134072,122338,160807,136392,263988,206293,100450,105953,125970,136311,145946,180464,106027
8/1/05,269405,477779,231989,136635,254534,242324,366830,95425,338166,160549,246037,154961,169090,157356,388696,140984,306417,469150,236067,123340,139261,252816,261430,212404,416143,162927,169093,,122781,222020,199740,189690,,116133,215175,225412,321511,314882,134414,122333,162548,136725,265447,207720,100765,106575,126532,137453,146877,181594,106849
9/1/05,273582,484315,237329,136939,257142,251144,370786,95760,340991,161380,246567,155225,169711,158558,389928,141631,309469,478793,240572,123915,140160,255795,265909,214793,422848,164558,170129,,123069,223651,200923,191524,167335,116521,216434,226291,326772,317627,134817,122971,164583,137024,266988,209776,101133,107238,127105,138515,147917,182871,107644
10/1/05,277160,490678,242098,137149,259736,258353,374790,96008,342857,162268,247214,155495,170329,159667,391276,142308,312621,486437,244584,124281,140966,259194,269794,217086,427526,166020,170945,,123304,225215,202148,193541,,116806,217480,227099,331678,320186,135148,123233,166482,137331,268477,211839,101438,107896,127813,139769,148870,184250,108687
11/1/05,280511,495365,246507,137451,261946,265178,378580,96556,343699,163068,247742,155680,170920,160733,392299,142905,315412,493656,248155,124653,141717,261646,273385,218936,431951,167362,171584,,123526,226571,203592,194731,,117136,218357,228017,335303,321856,135523,123300,168395,137626,269783,213765,101791,108687,128703,140975,149392,185576,109445
12/1/05,283128,499717,250664,137645,264251,269056,382079,97079,343984,163856,248304,155871,171463,161843,392142,143469,317605,501138,251931,125016,142460,263787,276708,220589,436215,168632,172086,,123698,227871,205066,195891,182602,117467,219184,228637,339562,323005,135788,123564,170260,137883,271018,215844,102129,109380,129654,142339,149661,186903,109882
1/1/06,285517,503236,254586,137872,266182,270593,384904,97634,344511,164572,248858,156071,172027,162840,391767,143909,319168,509567,255406,125291,143058,265828,279591,221920,440673,169725,172434,,123652,229193,206390,196657,183879,117814,220067,229162,342655,323207,136132,123988,172050,138077,272028,217648,102505,109964,130588,143783,150122,188123,110252
2/1/06,287955,506496,258233,138168,267992,274081,387720,97736,344574,165300,249178,156242,172603,164160,390855,144306,319695,518184,258488,125505,143762,268334,282803,223353,444176,170664,172836,,123651,230478,207895,198125,185375,118108,220419,229574,346110,324039,136488,124556,173878,138227,271973,218595,102963,110503,131506,145229,150717,189516,110867
3/1/06,290443,509708,262201,138558,269405,278422,390565,97712,346934,166110,249471,156286,173138,165285,390486,144644,321305,524387,261577,125699,144477,270917,286162,225109,447931,171576,173152,,123504,231755,209600,199622,187409,118408,220612,229891,349703,325363,136908,124852,175657,138370,271790,219090,103497,111054,132563,146701,151182,190874,111808
4/1/06,292604,512517,266614,139083,270619,283353,393788,97527,349701,166971,249753,156175,173672,166544,390176,145003,322953,530747,265277,125923,145337,273285,290300,226568,451038,172596,173516,,123552,232834,211822,201503,190422,118708,220290,230227,353944,327578,137295,125208,177972,138539,272126,219675,103996,111627,133666,147951,151353,192424,112903
5/1/06,293937,515439,270588,139714,271810,285707,396665,97897,352541,167914,250434,155954,174165,167709,389942,145345,325160,533820,269514,126165,146146,275387,294268,228179,453432,173774,173798,,123705,234009,214149,203096,193347,118970,220326,230408,357982,328378,137679,125458,180133,138712,272761,221129,104402,112156,134724,148898,151749,194267,113614
6/1/06,294789,517106,273727,140342,273093,286735,399039,98303,353312,168822,251016,155656,174734,169073,389184,145707,325978,537029,274137,126424,146989,276966,297975,229445,454121,175054,174019,,124173,234721,217276,204702,197197,119198,220074,230701,360901,328417,137983,125708,182412,138856,273121,222532,104778,112671,135721,149756,152285,196181,114391
7/1/06,295613,517376,275626,140937,274267,286390,400322,98652,353434,169756,251299,155348,175326,170444,387056,146077,326624,539275,278181,126753,147832,278532,301377,230756,453167,176155,174142,,124623,235326,221119,206160,199410,119396,219815,230619,363383,327222,138226,126001,184191,138979,272605,224078,105167,113150,136636,150461,152988,198119,114859
8/1/06,296085,517114,276832,141431,275290,284979,400632,98908,352916,170720,251617,154984,175934,171616,384726,146405,326648,541499,281726,127087,148696,279873,304456,232077,452316,176971,174324,,125016,235794,225190,207669,201570,119597,219878,230456,365148,325949,138266,126465,186151,139032,272311,225878,105543,113596,137624,151268,153295,199508,115784
9/1/06,295934,515547,277061,142004,275811,282700,400403,99242,351987,171627,251550,154591,176439,172587,381920,146766,326547,543956,283498,127399,149455,280991,307048,233244,451347,177478,174623,,125307,236164,228991,208845,203373,119913,220286,229934,366285,323902,138410,126865,187977,139012,271784,227884,105852,114040,138418,151889,153673,200860,116661
10/1/06,295445,514204,276696,142767,276198,281635,399592,99738,350242,172437,251352,154139,176878,173373,379678,147157,325990,544260,284848,127680,150173,282283,309162,234477,449745,177898,174950,,125710,236347,232245,210083,202514,120231,220987,229638,366423,322076,138595,127316,189776,138942,270835,229652,106185,114328,139131,152465,153747,202391,117741
11/1/06,295043,512808,276063,143424,276347,279721,398559,99947,347964,173079,250863,153621,177164,173934,377145,147531,325244,545563,285839,127955,150730,282480,310440,235732,447311,178232,175148,,125993,236455,235273,211357,202864,120546,221261,229219,366440,319925,138902,127682,191247,138796,269794,230888,106512,114594,139473,153089,154131,204109,118493
12/1/06,294866,511710,274996,144085,276615,277920,397003,100050,346644,173675,250767,152984,177553,174398,375081,147796,324595,545423,286975,128261,151218,282649,311270,236867,445397,178518,175236,,126275,236699,237906,212782,202784,120717,221438,229117,366159,318475,139089,128114,192344,138597,268587,232279,106837,114799,139774,153643,154601,205582,119051
1/1/07,294583,510850,273808,144311,276804,275961,395568,99988,345012,174312,250720,152260,177886,174817,373694,147969,324493,545980,287702,128509,151513,281668,311872,238041,445160,178837,175475,,126348,237224,240657,213830,204722,120862,221592,229101,366069,316641,139240,128423,193115,138411,267647,233454,107096,115010,139902,154152,155471,206695,119491
2/1/07,294561,509688,272614,144412,276958,274829,394666,100133,344157,174902,250543,151568,178287,175228,372754,148109,324562,545864,288435,128763,151890,281458,312974,239035,446887,179251,175639,,126468,237666,243311,214549,204589,121013,221464,229166,365842,315544,139320,128677,193773,138315,266509,234298,107272,115201,140466,154653,155936,207573,119778
3/1/07,294528,507929,271236,144409,277242,274420,394630,100351,342808,175611,250477,150830,178653,175610,372250,148238,324593,546617,289489,128997,152370,281387,314895,239460,448348,179788,175870,,126475,237948,246068,215161,204372,121098,221113,228929,366147,314613,139405,128953,194215,138136,266095,234693,107420,115328,141066,155259,156119,208670,119968
4/1/07,294833,505727,269644,144790,277255,274370,394901,100611,340875,176318,250728,150127,179056,175822,371534,148303,324250,547147,291226,129261,152954,282122,317300,239643,449333,180225,175949,,126601,237939,248564,216100,204651,121065,220677,228483,366445,313629,139455,129346,195168,137956,265379,235281,107600,115503,141852,155876,156128,209961,120181
5/1/07,294409,502061,267492,145282,277495,274004,394679,100816,338494,177099,251290,149239,179368,176077,370694,148317,323787,547260,292926,129338,153497,282975,319182,239870,449524,180666,175974,,126545,237778,251131,216821,205334,121047,220181,227826,366535,312762,139443,129775,196013,137754,264972,236170,107858,115546,142160,156243,156288,211301,120663
6/1/07,293472,498189,264876,145843,277417,272747,393484,100980,335304,177820,251835,148483,179545,176209,369457,148277,322912,547132,293979,129337,153960,284035,320252,240333,449412,180959,175921,,126499,237480,254202,217478,205758,121072,219316,227079,365932,310532,139052,130083,197398,137594,264098,236908,108193,115618,142376,156588,156795,212750,120988
7/1/07,291875,493051,261763,146266,277481,270818,391604,101096,331666,178404,252171,147492,179594,176374,367802,148226,321919,545771,294496,129303,154321,284373,320669,240493,449321,181338,175656,,126314,237015,257269,217750,206144,121175,218000,226033,364877,309205,138941,130331,198237,137342,263468,237650,108582,115657,142382,156856,157131,213586,121115
8/1/07,290420,488034,258415,146754,277565,268363,389560,101240,327851,178942,252300,146728,179595,176497,366232,148151,321120,545159,294554,129428,154588,284395,321188,240362,449116,181541,175550,,126243,236520,260237,218336,206513,121274,217978,225245,363842,307527,138870,130666,198970,137055,262953,238321,108917,115839,142518,157242,157630,214332,121243
9/1/07,289213,482184,255050,147216,277534,265431,387702,101306,323446,179330,251916,145609,179396,176552,364710,147999,320639,543843,294498,129548,154652,283894,321292,240572,449099,181595,175460,,126123,235744,262167,218916,206806,121357,218289,224391,362779,306550,138981,130986,198992,136873,262367,239255,109157,115917,142601,157516,157952,214828,121451
10/1/07,288216,476156,251594,147625,277779,262792,386039,101384,319313,179632,251287,144565,179101,176397,362888,147769,320043,543704,293970,129680,154612,283789,320381,241133,449785,181637,175511,,126148,234972,263622,219599,206978,121490,219083,223661,360971,305197,138516,131269,198979,136613,261651,240165,109298,115991,142677,157679,158410,215532,121700
11/1/07,287164,470203,247939,147941,277938,258965,384291,101397,312771,179842,250330,143355,178569,176202,361065,147360,318828,543183,292921,129790,154339,283088,318687,241858,449946,181733,175406,,126389,234191,264887,220374,207202,121500,218761,222432,357949,304509,138154,131323,198914,136136,260471,240858,109458,115934,142606,157834,158925,216073,121774
12/1/07,285607,463662,244266,148245,277959,255457,382505,101500,306161,179956,249314,142387,178102,176003,359251,146959,317433,542946,291657,130000,154003,281801,316911,242476,449350,181781,175293,,126750,233201,266156,221226,207688,121476,218874,220915,354804,303658,137787,131280,199005,135577,259085,241441,109577,115919,142456,157844,159565,216467,121593
1/1/08,283874,457378,240144,147844,277957,251545,381026,101641,297526,180029,248132,141327,177299,175983,357333,146633,314839,542067,289780,130261,153433,279714,315242,243806,448403,181643,175102,,126962,232153,266777,222080,208148,121381,218918,219220,352422,302291,137389,131201,198879,135017,257557,241965,109584,115853,142172,157902,160305,216698,121557
2/1/08,281952,449451,236238,147321,277684,246637,379882,101833,288657,180060,247163,140047,176476,175820,355102,146540,312399,540855,288617,130302,152968,278049,313801,243784,447238,181584,174630,,126982,,266499,222588,209003,121352,218997,217279,350603,299970,136766,131154,198635,134509,256436,241929,109648,115867,141933,157748,160831,216956,121376
3/1/08,279659,439948,231945,146674,277474,241489,378160,101949,279777,180135,246219,138484,175467,175453,352704,146437,309498,541044,286981,130140,152595,277503,312366,243666,445801,181467,173883,,126916,,265222,222089,208952,121317,218812,215529,348554,297804,136244,131232,198193,134119,255057,242146,109453,115889,141650,157609,161099,217182,121303
4/1/08,277084,428901,227951,146542,276992,235339,375454,102053,272851,180147,245451,136699,174737,175054,350601,146099,307686,541420,285594,129872,152452,277235,310331,242470,443699,181401,173053,,126786,226936,263372,221547,208586,121081,217871,213839,345862,295491,135977,131302,197622,133781,254079,241910,109503,115935,141479,157446,161066,217171,120881
5/1/08,274320,417581,223489,146375,276257,231365,371924,102162,267249,180043,244504,135083,174011,174718,348869,145687,306241,543562,283486,129745,152327,276462,307703,241941,441762,181099,172399,,126617,,261302,221350,206807,120844,216546,212407,342160,292712,135803,131475,196964,133537,251787,242081,109548,115841,141379,157464,161020,216796,120232
6/1/08,272093,407052,219343,146173,275326,226970,368639,102357,260443,179708,243640,133519,173213,174427,347310,145183,305026,543665,281431,129617,152106,274453,304851,241283,439924,180687,171988,,126477,224221,259121,221825,205284,120616,214614,211091,337711,289846,135675,131577,196093,133216,249535,241896,109854,115633,141400,157502,161135,216231,119593
7/1/08,269626,396174,215022,146010,274121,222266,365591,102585,253100,179218,242524,131920,172206,173770,345383,144686,303341,538836,279365,129493,151705,272258,302288,240448,436739,179945,171533,,126238,223320,257029,222088,203754,120591,213155,209568,332471,286443,135517,131542,195087,132915,247180,241856,109918,115418,141323,157530,161257,215846,118932
8/1/08,266910,385932,210492,145538,272908,215996,362661,102728,245454,178699,241555,129894,171044,172974,343147,144136,300958,531723,277037,129396,151156,269816,299350,240140,432642,179038,170973,,125847,220539,254648,221741,202336,120616,211679,207630,327598,282958,135290,131573,193970,132507,245267,242078,109900,115112,140982,157552,161490,215681,118468
9/1/08,264192,376624,205913,144920,271538,210254,359572,,237819,178165,240782,128051,169836,172156,340254,143639,298090,524275,274560,129365,150545,267857,296300,239662,429490,178143,170235,,125350,218748,252755,221464,200774,120657,210700,205472,322890,279327,134873,131544,193005,132024,243415,242065,109901,114845,140647,157507,161672,215448,117966
10/1/08,262119,368824,201279,144231,269848,205638,356243,,230753,177626,240189,126548,168457,171460,337265,143199,295232,520877,271953,129243,150023,265527,293420,239150,428205,177422,169162,,124994,215733,250861,221161,199047,120663,209746,203272,318740,275675,134316,131572,191786,131359,241211,242280,110013,114502,140143,157393,161935,215078,117613
11/1/08,260426,360792,196764,143610,268054,199799,352702,99819,222718,176898,239392,125163,166638,170400,334313,142543,292635,517341,269413,129127,149439,263853,290576,238555,426751,176712,167914,,124637,213314,249133,221224,197294,120558,209050,201312,315479,272134,133700,131277,190658,130728,239754,242214,109935,114217,139785,156981,162219,214856,117398
12/1/08,258827,353130,192493,143049,266416,193865,349652,99715,216295,176042,238504,123331,164463,169397,331794,141873,290578,513975,266625,128991,148841,262128,287496,238055,424454,175902,166753,,124156,210153,246995,221088,195384,120417,207817,199547,312311,268239,133082,130977,189769,129919,238013,242078,109780,113860,139157,156622,162419,214794,117242
1/1/09,256938,346080,188486,142527,264920,188564,347518,99999,209371,175128,237698,120989,162385,168192,329644,141240,288665,511078,264327,128782,148294,260815,284855,237886,424162,175093,165048,170770,123786,206835,244238,221004,193303,120329,206427,197841,309139,264460,132572,130509,189197,129005,237194,241845,109590,113480,138732,156276,162732,214859,116907
2/1/09,255203,341657,185031,142384,263672,185856,345695,100184,204600,174557,237340,118729,160657,167222,327496,140849,287653,506667,261638,128505,147910,259417,282013,237694,424580,174668,164086,170942,123470,204466,241697,220539,190897,120312,205265,196234,305539,261058,132344,130344,188472,128038,236063,242288,109296,113008,138178,156225,162657,214725,116567
3/1/09,253499,337658,181695,142391,262546,182853,343780,100371,199383,174092,237072,116623,159134,166459,325248,140546,286013,502909,259086,128296,147496,257769,279096,237382,424285,174500,163191,170935,123342,201978,239134,220224,188474,120243,204027,194241,301878,257675,132664,130271,186985,127253,235156,242864,109115,112529,137674,156182,162500,214213,116319
4/1/09,252054,333643,178310,142478,261606,179601,341097,100178,194243,173556,236853,114952,157419,165707,323431,140208,284607,498697,256215,128203,146913,256292,275127,236902,421227,174368,163223,170732,123167,200761,237369,219697,186059,120106,203010,192563,298193,255358,132921,130517,185882,126806,233192,243115,108977,112062,136977,156397,162010,213517,116173
5/1/09,250780,329711,175082,142508,260712,175823,338429,99958,187807,172794,236515,113485,155672,164777,322382,139740,282145,494385,253780,128152,146157,254455,271838,236717,417447,174050,162760,170273,123013,198868,235334,219203,183841,119871,200778,191338,294824,253179,133318,130658,184852,126528,231368,242566,109102,111734,136353,156457,161582,212988,115952
6/1/09,249541,326479,172046,142467,259680,172948,335804,99737,181368,171975,236140,112132,154085,163616,321729,139095,279964,488834,251312,128025,145430,252966,269099,236306,415336,173643,162325,169759,122871,197593,233493,218342,181998,119652,199138,190629,292306,251498,133441,130826,185093,126254,230042,242055,109284,111512,135685,156532,161151,212617,115639
7/1/09,248427,324293,169589,142486,258633,170531,333508,99480,175169,171204,235542,111043,152858,162655,321213,138397,277633,483834,248883,127945,144762,251720,267370,235502,412538,173231,161689,169439,122563,196305,231798,217363,180139,119411,197377,190084,289687,249688,133586,130879,184611,125856,229034,241534,109451,111256,135081,156398,160634,212213,115392
8/1/09,247279,322345,167236,142275,257487,168240,331573,99310,170673,170284,235033,109899,151818,161958,320658,137838,276234,480437,247027,127824,144263,250982,265683,234283,410353,172723,161273,169765,122232,195098,230193,216220,178338,119203,196830,189593,287469,248408,133663,130896,184363,125422,228102,241096,109610,110909,134428,156089,160177,211550,115033
9/1/09,246198,320882,165078,142065,256616,166162,329962,98367,167188,169514,234636,108915,150772,161304,320365,137305,274909,475543,245765,127710,143843,250234,264248,233271,407418,172277,160743,170268,121896,193157,228615,215143,176359,118963,196140,188877,284902,247687,133949,130849,183347,125049,226970,240649,109724,110507,133824,155755,159696,210851,114653
10/1/09,245282,320374,163320,141798,255963,163896,328857,97449,165071,168897,234497,107714,149684,160689,320086,136935,273891,470145,244868,127578,143536,249595,263356,232636,404475,172015,160212,170629,121616,191395,227186,214537,174741,118815,195451,187995,283170,247337,134368,130880,183349,124803,226056,240207,109742,110155,133343,155429,159350,210166,114206
11/1/09,244928,322084,162314,141930,255585,163567,328145,96434,163331,168525,234631,106766,148715,160235,320237,136888,272292,465695,243976,127491,143245,248898,262956,232089,403998,172030,159609,170352,121483,189714,226291,213930,173458,118715,194639,187146,281865,247567,134676,130913,182918,124485,225592,240273,109900,110019,132955,155377,159039,209410,113884
12/1/09,245046,324673,161468,142074,255307,163645,327970,96203,161402,168091,234929,105885,147946,159982,321032,137051,270904,465850,243236,127425,143048,248114,262560,231700,406079,172161,159168,170122,121426,189165,225582,213344,172865,118736,194273,186785,281109,247684,135128,130869,182548,124199,225429,240650,110027,109993,132631,155123,159004,208966,113635
1/1/10,245584,326815,160794,142072,255082,163669,327941,96161,160563,167695,235603,105385,147150,159858,322363,137049,269518,467973,242407,127439,142953,247686,261195,231361,408487,172474,159119,170119,121360,188255,224725,212445,171767,118705,193994,186647,280806,248960,135634,130777,182339,123898,225516,241495,110238,110132,132469,155132,159164,208719,113520
2/1/10,246024,327193,160169,142043,255114,162450,328031,96272,159695,167239,236268,104789,146504,159624,323947,136775,269035,472530,241774,127521,142872,247570,259915,231178,408547,172863,159352,170115,121417,187909,223920,211760,171007,118674,194005,186841,280185,250041,136067,130583,182395,123851,225231,241547,110354,110220,132335,155146,159229,208807,113477
3/1/10,246476,328380,159797,142131,255195,161288,327844,96592,158939,166923,236786,104480,146014,159304,325037,136748,269233,474390,241661,127794,142903,247568,258805,231309,407661,173415,159684,169848,121446,186659,223237,211543,169798,118750,194583,187467,279880,251249,136111,130684,182746,123789,224694,241756,110575,110342,131991,155418,159370,208870,113389
4/1/10,246963,329852,159428,142437,255676,160955,327656,96911,157525,166833,236796,104390,145882,159130,326244,136997,270280,477236,241434,128014,142961,247223,259173,231405,409432,173884,159973,169540,121662,187098,222972,211459,169201,118920,195780,188062,279645,250952,136611,130785,182194,123850,224001,241904,110876,110403,131531,155487,159506,209047,113235
5/1/10,247293,331423,158874,142676,256065,160220,327239,97194,156247,166808,236294,104625,145698,159106,326844,137216,270922,477463,240593,128153,143055,246985,259553,231529,414039,174126,160111,169551,121696,186533,222559,211785,168518,119086,196701,188530,279950,250323,136863,131000,181700,123850,223574,242599,111186,110486,131016,155667,159823,209373,113020
6/1/10,247085,330714,158020,142647,256642,159295,326602,97465,155872,166619,235454,104870,145344,158912,327385,136990,271365,480420,239277,128050,142978,246736,259046,231517,418096,174059,159837,169845,121744,187162,221532,211690,166950,119026,196226,188276,279679,249940,136865,131022,180474,123797,223240,242799,111251,110445,130536,155814,159978,209611,112816
7/1/10,246085,329021,156867,142251,256879,156853,325508,97648,155244,166050,234392,104678,144408,158415,326859,136457,270738,481649,237754,127845,142759,246269,257155,231888,419518,173649,159269,170519,121597,185150,219826,211484,164978,118872,194982,187674,278616,249823,135925,130774,179334,123467,223221,242974,111033,110199,129864,155744,160042,209449,112472
8/1/10,244888,326606,155467,141620,256577,155118,323899,97905,154383,165341,233258,104227,143199,157817,325945,135718,269720,483061,235979,127558,142400,245012,254516,232256,419729,173024,158111,171190,121325,184001,217662,211022,163066,118672,193756,186283,276479,249538,134891,130214,178165,123029,223284,243184,110756,109937,129162,155533,160079,209103,112050
9/1/10,243761,324496,153999,140961,255825,152772,321800,97503,152898,164579,232105,103437,141583,157070,323890,134865,268187,483325,233637,127208,141951,243603,252130,232363,417854,172147,156607,172044,120806,181818,216070,210690,161103,118512,192992,184465,274158,248226,133854,129526,177103,122462,223556,243153,110425,109478,128566,155356,159971,208702,111526
10/1/10,242836,322195,152482,140338,254648,151298,319436,96981,151669,163864,231076,102646,140205,156294,321941,133926,265907,483681,231397,126779,141417,241610,249501,232529,416233,171176,155147,172489,120258,180398,214529,210228,159190,118335,192105,182539,272068,246557,132999,129040,175354,121838,223120,242830,109982,109056,128102,155209,159916,208528,111003
11/1/10,241863,320306,150960,139701,253587,149409,317271,96343,151078,163118,230132,101700,138691,155527,320215,132965,263213,485671,229414,126382,140878,239779,247077,232662,413253,170135,153789,172783,119646,178078,212723,209412,157138,117941,191102,180900,269988,244935,132206,128614,173560,121072,222118,242111,109326,108496,127473,154950,159843,208144,110621
12/1/10,241178,319142,149544,139187,252523,147745,315328,96177,150305,162407,229212,100855,137356,154619,319601,132064,260772,486341,227481,125973,140283,238234,244691,232936,413013,169208,152697,172872,119184,176042,210416,208354,155344,117469,189891,178919,267908,244062,131727,128185,172028,120233,221004,241819,108856,108012,126730,154322,159808,207860,110518
1/1/11,240557,318194,148085,138731,251894,145804,313819,96033,148727,161651,228481,99921,135968,153600,318867,131277,259726,487250,225640,125682,139583,236891,242754,232702,411643,168428,151653,172892,118735,174245,208417,207160,153725,116836,189855,177157,266064,243219,131553,127746,171846,119478,220183,241480,108559,107602,125970,153283,159721,207718,110531
2/1/11,239892,317168,146739,138264,251375,144025,312282,95897,146690,160969,227787,99198,134924,152431,317590,130604,259282,486658,223635,125344,138999,235722,241277,232466,411508,167814,150573,172993,118333,172853,206598,205828,152085,116271,190306,175247,265238,242734,131526,127415,171793,118769,220160,241042,108407,107321,125368,152282,159451,207781,110471
3/1/11,239074,315356,145320,137847,251090,142737,310645,95643,144582,160247,227117,98544,133791,151602,315776,129813,258227,486661,221443,124999,138439,234189,239407,232112,410495,167359,149615,173315,118002,171889,205488,204738,150970,115775,190964,174080,265009,241636,131445,126981,171854,118261,219713,240217,108133,107156,124995,151438,159257,207869,110331
4/1/11,238364,313614,143991,137464,250549,141009,308664,95482,142585,159461,226383,97947,132448,150775,314427,129019,256958,484205,219364,124646,138090,232636,237378,232082,410596,166794,148618,173780,117710,170504,204278,204182,149392,115433,190704,172657,264475,240269,130947,126481,171028,117708,219214,239263,107836,106950,124665,151015,158909,207798,110123
5/1/11,237649,310727,142647,137171,250014,139450,306459,95360,141335,158724,225335,97426,130783,150031,313295,128246,255360,481936,217684,124326,137664,230794,234246,231726,410341,166140,147750,173707,117414,169715,203448,203889,148120,115146,190279,171297,263264,238211,130732,126199,169933,117210,218033,238724,107524,106641,124420,150680,158727,207436,110020
6/1/11,237004,308939,141496,136800,249156,137669,304157,95458,139662,158072,224503,96910,129291,149293,312614,127646,254492,478991,216637,124087,137316,229252,231940,231526,410182,165285,146988,173100,117151,168423,202364,203714,147267,114862,190047,169887,261922,236727,130564,125998,168659,116734,217072,238681,107301,106410,124115,150545,158758,206656,109835
7/1/11,236288,307290,140433,136654,248425,136697,301712,95490,138646,157509,223682,96599,128139,148783,311799,127168,253062,477109,215774,123935,136941,228174,229754,231269,410557,164503,146196,172521,117039,167922,201661,203288,147192,114611,190011,168711,260288,234988,130650,125815,167990,116453,215724,238808,107284,106285,123787,150439,158839,206143,109900
8/1/11,235755,305306,139666,136529,247711,136116,299675,95587,136782,156898,223309,96486,127434,148299,310929,126625,251358,474726,214905,123848,136634,227136,228258,231028,409811,163897,145665,172447,117127,166745,201391,203272,147065,114401,189775,167890,258607,233614,130704,125489,167506,116229,214860,238918,107376,106272,123460,150358,158961,206014,109819
9/1/11,235052,302864,139101,136478,247074,135794,297903,95464,135960,156387,223122,96464,126969,147791,309409,126207,249280,472659,214140,123832,136325,225662,226385,230737,409577,163492,145232,172557,117213,165737,200610,203303,146834,114185,189300,167087,256764,232023,130605,125131,167196,115949,214006,238756,107545,106280,123075,150160,158869,206259,109731
10/1/11,234358,300377,138841,136292,246412,135802,296286,95368,135199,155745,223019,96396,126576,147267,307503,125642,247176,471773,213058,123810,135955,223908,224636,230575,408489,163124,144746,172809,117202,163760,199860,203517,146751,113943,188715,166283,255648,230458,130656,124710,166784,115574,213651,238690,107361,106327,122678,150067,158916,206154,109404
11/1/11,233827,299726,138720,136009,245667,135737,294443,95279,134715,155132,223048,96186,126173,146767,305700,125192,245591,470018,211776,123866,135621,222652,223030,230909,408139,162718,144335,172972,117057,162531,199032,203583,146741,113871,188140,165356,254955,228368,130654,124399,166348,115177,212912,238629,107119,106320,122145,149895,159029,206250,109228
12/1/11,233690,299146,138671,135717,245095,136564,292547,95321,134141,154548,223136,95948,125369,146603,304530,124639,244043,470509,210401,123942,135314,221286,221744,231118,406916,162325,143734,173098,116844,160711,199104,203634,146761,113814,187519,164421,254343,226600,130540,124115,165921,114820,212191,238837,106845,106262,121764,149550,159216,206432,109121
1/1/12,233730,298936,138734,135631,244578,137102,291189,95316,133985,154138,223522,95763,124798,146626,303529,124301,242830,470974,209556,123923,135201,220350,220888,231187,407375,161997,143346,173342,116548,159809,199085,203832,146693,113808,186817,163766,253505,225591,130113,124039,165609,114359,211311,239666,106755,106236,121714,149285,159381,207238,109048
2/1/12,234085,298684,138840,135881,244043,138062,290325,95355,133710,153876,224052,95656,124273,146922,302577,124087,241726,472182,209330,123909,135092,218991,219771,231088,406848,161759,142744,173875,116407,158140,199417,203932,147080,113833,185937,163501,253020,224498,129622,124049,165363,113916,210736,240412,106783,106285,121740,149086,159515,207925,108956
3/1/12,234513,298825,139153,136329,243668,138603,290037,95461,133381,153771,224650,95995,124487,146928,302359,124181,240940,474082,209817,123929,135130,218698,219445,230882,408567,161660,142503,174700,116406,157937,199792,204415,147872,113962,185337,163951,253116,223650,129655,124262,165076,113661,210008,241567,106862,106493,121859,149323,159493,208552,108824
4/1/12,234889,299520,139544,136735,243563,140478,289305,95595,133172,153908,225351,96413,124707,146957,302773,124507,240212,475233,210773,124066,135212,218125,219436,230812,408353,161689,142380,175558,116645,157616,200764,204838,149333,114192,185328,164608,253547,222870,130047,124486,164837,113621,209630,242321,107129,106808,121732,149674,159497,208961,108783
5/1/12,235193,300759,140015,137161,243780,143177,288572,95598,133556,153919,226419,97053,125087,146824,303695,124863,239374,476729,211955,124272,135367,218399,220438,230648,409669,161770,142761,176622,116868,157922,202152,205444,150813,114330,185658,165310,253883,222352,130608,124684,164964,113602,209971,243239,107482,107236,121731,150079,159611,209640,108790
6/1/12,235328,302526,140512,137574,244056,146218,287434,95611,134942,153784,227760,97707,125492,146687,304139,125032,237990,474627,213033,124475,135432,218075,221700,230671,411983,161721,143005,178128,116977,157830,203495,205895,152154,114340,186368,166090,254071,221890,131011,124981,165031,113546,210743,243377,107778,107582,121628,150350,159760,210425,108795
7/1/12,235523,304547,141171,138076,244232,149006,286426,95677,136399,153605,229334,98550,126018,146428,304578,124979,236700,474363,213862,124724,135541,217606,223151,230742,416717,161542,143334,179515,116990,157233,204503,206479,153600,114332,186984,166953,254315,221630,131421,125220,165163,113529,211843,243407,108000,107791,121612,150384,160034,211001,108841
8/1/12,235559,306847,141966,138437,244326,151727,285327,95817,138410,153607,230498,99286,126360,146189,304764,124927,235755,473966,214925,124872,135652,216438,224515,230855,421868,161336,143264,180769,116953,156600,205396,207343,155551,114262,187392,167907,254516,221710,131678,125363,165083,113572,212124,243268,108165,107965,121576,150475,160345,211235,108787
9/1/12,235832,309434,142939,138646,244334,154868,284677,95901,140217,153595,231794,99853,126459,146214,304895,125027,235107,477081,216023,125088,135856,215376,225720,230834,426667,161146,143232,181784,116954,155816,206802,208061,157378,114337,187372,168942,254835,221707,132098,125233,165431,113619,212172,243443,108188,108203,121626,150510,160804,211565,108570
10/1/12,236523,312923,144076,138809,244209,157611,284457,95962,142116,153616,233045,100470,126618,146355,305546,124983,234884,479849,217492,125419,136003,214197,227144,230548,431981,161025,142907,183322,117030,156061,208584,208888,159057,114367,187347,170216,255183,221827,132220,125174,165459,113623,212203,243693,108096,108423,121675,150558,161252,212411,108276
11/1/12,237683,316782,145263,139173,244225,160326,284675,96031,144194,153643,234522,101093,127190,146534,307000,125134,234962,484334,218402,125797,136137,213416,228909,230259,437443,160947,142835,184971,116954,156370,210428,209787,160072,114438,187902,171583,255961,222585,132657,125292,165677,113578,212422,244141,108104,108654,121840,150442,161616,213342,108102
12/1/12,238698,322171,146634,139687,244380,161928,285025,96094,146443,153720,235922,101643,127957,146602,309144,125291,235667,487687,219726,126188,136300,212719,230784,230265,443316,160988,142591,186761,116977,156628,212333,210730,161493,114428,188518,172894,256871,223328,133097,125493,165297,113554,212895,243955,108295,108887,121944,150282,162075,214474,108109
1/1/13,239836,327671,148200,140375,244643,164072,285881,96157,149238,153887,237624,102249,129003,146680,310685,125836,236656,490268,221374,126665,136568,212837,232367,230562,444402,161151,142683,188376,116936,157153,214200,211427,163226,114491,188944,174175,258179,223877,134191,125536,165049,113581,212956,244423,108623,109221,122146,150229,162662,215158,108139
2/1/13,240819,334029,149925,141114,245153,165465,286601,96297,152325,154121,239568,103165,130100,146820,313145,126186,237322,491687,224194,127207,136900,213346,234171,230948,443946,161421,142372,190221,117124,157946,216201,211882,164916,114627,189138,175247,259645,224725,135260,125431,164804,113713,213519,244805,108842,109507,122304,150430,163299,215868,108148
3/1/13,241995,340503,151610,142025,245669,167454,287512,96576,156131,154574,241710,104409,131295,147267,315495,126523,238151,493429,226881,127570,137277,214186,236301,231275,443220,161774,142745,191903,117298,158707,218430,212627,167193,114876,189407,176439,261419,225722,135981,125659,165262,113862,214610,245908,109093,109679,122633,150886,163931,216419,108229
4/1/13,242838,347490,153182,142974,246583,168968,288048,96885,159369,155034,243435,105730,132343,147670,318198,126739,239505,496240,229798,127768,137697,214755,238776,231351,448236,162240,143366,193392,117704,159678,221181,213536,168882,115080,189643,177533,263185,227091,136365,126037,165838,114170,216169,246560,109431,109774,122907,151238,164449,216975,108203
5/1/13,243505,354523,154943,143915,247503,170883,289021,97096,163304,155555,244993,107046,133481,148064,320300,127101,241259,496270,232575,127956,138049,214947,241375,231262,455973,162714,144539,194694,118072,160537,223654,214471,170981,115305,189981,179310,265053,228626,136524,126505,166650,114632,217591,247315,109675,109841,123053,151499,165025,217523,108151
6/1/13,244051,361905,156645,144854,248537,173449,290351,97235,167645,156019,246442,108405,134705,148452,322158,127557,242925,495545,235083,128254,138417,215247,243635,231109,462284,163208,145388,196175,118472,161991,226521,215465,172479,115579,190532,180988,266551,230048,136937,126726,167339,115247,218810,248647,109936,109949,123148,151851,165582,217744,107979
7/1/13,244744,368931,158605,145807,249404,176508,291931,97423,172748,156484,248248,109883,135972,148973,324232,127961,243792,495466,237290,128483,138724,215507,245984,230989,467494,163644,146142,197506,118766,163150,229098,216422,174147,115894,190890,182828,267928,230956,137230,126915,167886,115816,219871,249935,110208,110073,123257,152341,166188,217983,107860
8/1/13,245563,375436,160627,146701,250043,178980,293504,97667,177021,156953,250146,111331,137337,149675,326200,128226,244465,501187,238769,128636,139206,216597,248083,230879,471530,163930,146752,198853,119075,164614,231648,217450,175378,116277,191282,184372,268985,232055,137532,126989,168697,116268,220781,251284,110584,110233,123523,152841,166707,218260,107711
9/1/13,246558,381183,162860,147624,250607,181020,294711,98036,180888,157362,251923,112684,138737,150283,328585,128308,245184,507808,240454,128762,139786,217666,250155,230608,475742,164169,147485,200225,119298,165786,233675,218241,176272,116500,191167,185844,270422,233277,137662,127101,168796,116543,221549,252064,110958,110375,123712,153039,167187,218707,107613
10/1/13,247296,386591,164984,148620,251239,182606,295810,98406,184301,157838,253530,113805,140158,150867,330660,128546,245640,514426,241735,128871,140496,219068,251815,230331,479933,164293,148092,201808,119429,167349,235351,219063,177123,116712,191132,187178,271899,234608,137861,127260,169252,116867,222388,252456,111068,110510,123868,153182,167535,219215,107490
11/1/13,248114,392076,167049,149677,251920,183374,297001,98793,187459,158259,255080,114857,141420,151424,332310,128720,246089,519802,243833,128952,141262,219922,253143,230222,484311,164513,148606,203210,119675,168068,236642,219976,177874,116864,190734,188256,273814,235404,138017,127501,169348,117175,223092,253135,111140,110547,124017,153423,167925,219788,107399
12/1/13,248878,397276,169009,150638,252519,184815,297960,99044,189646,158845,256879,115954,142745,151914,333349,128996,246063,525903,245987,129144,141912,220697,254546,230247,488604,164684,148917,204440,120003,169036,237218,220788,178480,117064,190402,189240,275139,235592,138201,127776,170553,117437,223932,253896,111169,110497,124212,153729,168301,220395,107474
1/1/14,249969,402608,170805,151572,253129,186572,299069,99108,191588,159378,258492,117163,143926,152509,334512,129151,246027,529382,248312,129421,142542,222011,256300,230321,493195,164933,149270,205316,120370,169617,237950,221639,178849,117149,189993,190504,276370,236548,138128,127968,171482,117399,224304,254471,111490,110533,124366,154132,168698,221114,107550
2/1/14,250715,407188,172345,152580,253762,189130,299770,99094,193468,159997,260252,118295,145063,153053,335520,129421,246243,532058,250003,129856,142989,222911,258309,230410,498396,165217,149860,206312,120725,170690,238621,222433,179736,117347,189739,192183,277512,237136,138414,128135,172221,117303,224835,255084,111855,110716,124453,154509,168994,221823,107723
3/1/14,251356,409632,173649,153511,254550,189891,301189,99137,194902,160457,261660,119300,146034,153470,337190,129732,246173,533168,251244,130451,143363,223617,259454,230410,504488,165516,150722,206991,121142,171277,239822,223465,180761,117458,189652,194314,278331,238885,139041,128086,172372,117226,225166,255666,112234,111044,124548,154950,169481,222628,107834
4/1/14,251639,410545,174593,154356,255346,189724,302526,99332,195839,160830,263098,120233,147000,153656,338927,130228,246079,535108,252447,131144,143627,223895,260408,230596,509190,165729,151355,208021,121646,171635,240238,224409,181823,117765,190441,196119,279320,240338,140185,128164,172458,117349,226045,256174,112494,111339,124788,155342,170020,223351,108077
5/1/14,251887,410877,175505,155207,256085,189603,303912,99514,196328,161092,264510,121190,147905,153875,340521,130906,245531,537361,253289,131758,143980,225027,261034,230715,511691,165896,151834,209153,122079,172218,240707,225247,182516,118036,191589,197312,279424,241924,140996,128273,172526,117600,226903,256155,112823,111565,125150,155389,170737,224133,108335
6/1/14,252106,411416,176240,156194,256724,189922,304708,99607,196993,161273,265966,122241,148707,154189,341496,131581,245373,541051,254567,132154,144378,226192,262678,231056,512665,166141,152210,210646,122465,173082,240912,226144,183062,118454,192667,197789,279585,242668,141549,128602,172132,117951,227827,255814,113081,111703,125522,155312,171288,224900,108565
7/1/14,252351,411874,177084,157084,257106,190047,305077,99687,198182,161418,267517,123094,149492,154600,342138,132100,245052,544637,255630,132404,144776,226926,263928,231299,515054,166380,152700,211817,122857,173788,240995,227388,183152,118827,193208,197863,279288,242283,141882,128980,171798,118308,228416,256139,113382,111744,125835,155237,171817,225766,108879
8/1/14,252447,411674,177677,157924,257432,190233,305053,99828,198940,161474,268684,123648,150146,154973,342642,132440,244157,548023,256944,132489,145080,227225,264904,231488,516698,166501,152833,213296,123236,174022,241215,228421,182918,119009,193119,197587,279183,241456,142150,129338,171184,118440,228677,256863,113623,111827,126121,155432,172255,226482,109210
9/1/14,252528,412357,178495,158707,257709,190090,304638,100158,198992,161610,270146,123893,150831,155351,342777,132674,243107,549896,258218,132580,145363,227508,265394,231441,517412,166500,152732,214513,123553,174313,241204,229324,182777,119133,192963,197185,279104,240809,142290,129672,171163,118559,228730,257677,113911,111999,126303,155703,172748,227285,109566
10/1/14,252719,413963,179635,159597,258009,190417,304135,100518,199804,161780,271948,124113,151467,155706,342688,132904,242286,550925,259686,132633,145603,227719,266500,231446,516871,166485,152609,216778,123812,174545,241849,229658,182835,119183,192685,196719,279202,240515,142409,129934,171115,118574,229017,258494,114354,112275,126506,155979,173214,227881,109942
11/1/14,253007,416677,180828,160607,258314,191221,303613,100875,200694,162133,274305,124466,152197,155969,342962,133149,241956,552450,261185,132738,145881,227965,267948,231469,518261,166538,152823,217735,124117,174953,242664,230114,183114,119363,192432,196585,279509,240712,142557,130277,171719,118816,229604,259017,114717,112574,126745,156528,173676,228682,110369
12/1/14,253298,419120,182097,161713,258740,192231,303348,101105,202787,162517,276927,124864,152929,156236,344243,133378,241644,553702,262615,132850,146279,228207,269950,231637,519595,166718,153246,218741,124431,175383,243405,230665,183733,119642,192232,196933,279749,241003,142949,130601,172077,119149,230204,260192,115052,112849,126977,156856,174043,229490,110890
1/1/15,253363,421709,183194,162871,259115,192782,303504,101173,204056,163025,279836,125401,153659,156540,346377,133408,241500,555463,264117,133163,146799,228919,272221,231779,517204,166880,153660,218895,124649,175781,244369,231276,184594,120108,191881,197527,279752,241836,143416,130985,172112,119677,230754,261081,115360,113119,127203,157114,174625,230344,111421
2/1/15,253713,424475,184374,164041,259410,193183,304221,101309,205638,163586,282934,126050,154318,157056,348328,133538,241590,555954,265904,133521,147338,229821,274094,232191,514929,167047,154231,219993,124851,176269,245278,232259,185859,120485,192375,198943,279836,242522,144243,131316,171966,120249,231211,261754,115853,113348,127384,157272,175302,231097,111929
3/1/15,254084,427488,185311,165236,259590,194642,304601,101469,206712,164272,285927,126884,154940,157730,349755,133815,242234,557194,267917,134020,147869,230511,276135,232742,512561,167352,154592,221308,125040,176985,246917,233087,186932,120937,193373,200409,280322,243021,145120,131777,172014,120811,232078,261946,116438,113539,127699,157727,176129,231688,112331
4/1/15,254356,429603,186192,166410,260069,196237,305176,101789,208156,164851,288676,127739,155697,158473,350245,134470,242680,558085,269665,134494,148387,231467,277918,233240,513473,167859,155290,223001,125462,177920,248720,234280,188313,121370,194513,201977,280597,243099,146057,132308,172639,121343,233423,263014,116945,113737,127988,158149,176933,232268,112735
5/1/15,254635,431868,187120,167506,260697,197748,305577,102049,210197,165325,291446,128454,156644,159088,351080,135111,243251,560482,271553,135064,149055,231684,280280,233463,513504,168453,155742,224993,125862,178687,250465,235318,189488,121860,195471,202733,280896,243158,146877,132896,173103,121922,235342,264842,117282,113850,128229,158557,177692,232835,113079
6/1/15,254754,433497,188154,168605,261515,198450,306048,102241,212025,165766,294040,129103,157594,159654,351750,135763,243288,561934,273493,135556,149648,232497,282123,233535,514108,168787,156113,226817,126312,178807,251948,236565,190790,122265,196264,203127,280541,243971,147657,133524,173515,122460,236810,266584,117591,114061,128387,158910,178500,233474,113509
7/1/15,254924,434163,189137,169608,262282,199597,306042,102404,213040,166320,296632,129614,158323,160168,353097,136280,243427,564469,275673,136029,150247,232872,283836,233534,515651,168914,156204,228058,126528,178927,253666,237364,191650,122573,197328,203478,280372,245013,148297,134027,173909,122947,237933,267233,117849,114309,128596,159376,179289,234248,113880
8/1/15,255066,435453,190294,170430,262951,200655,305825,102548,214069,166946,299232,130064,158949,160601,354209,136761,243265,565078,278090,136435,150794,233813,285946,233515,517579,169029,156251,228414,126760,178844,255773,238073,192678,122950,198218,203857,279898,245750,148939,134455,174409,123319,238274,266970,118086,114628,128795,159646,180120,235124,114204
9/1/15,255351,437643,191580,171154,263544,202054,305747,102900,215589,167484,302081,130312,159580,160994,355465,137201,243293,566499,280337,136777,151473,234240,288053,233206,521043,169238,156414,228481,127002,178914,257975,238267,193536,123326,198530,204381,279949,245630,149439,134750,174627,123636,238475,266640,118251,114921,129036,160062,180576,235749,114428
10/1/15,255676,441379,192967,172047,263967,202872,305706,103217,216701,167967,304999,130525,160216,161511,356798,137633,242804,568264,282665,137092,152226,234548,290353,232999,525139,169518,156725,228685,127219,178931,259755,238784,194439,123608,198554,204842,280015,245674,150041,135136,174463,123910,238461,266604,118161,115180,129162,160454,180960,236279,114598
11/1/15,255962,444364,194256,173004,264406,203507,305944,103549,217370,168380,307932,130916,160930,162145,357759,137960,242140,570178,284972,137483,153133,234717,292766,232819,528279,169772,157297,229453,127507,179105,261102,239268,195302,123869,198628,205651,279952,246162,150646,135526,173960,124233,238762,267292,118077,115507,129286,160778,181286,236703,114705
12/1/15,256334,448456,195759,174080,264705,204158,306054,103715,218209,168776,310905,131595,161709,162801,358410,138433,241858,570793,287779,137881,153899,235025,295550,232620,530474,170037,157993,230286,127803,179696,262452,240084,196487,124126,199629,206697,280546,247168,151040,135938,173846,124545,239772,268412,118092,115804,129496,161139,181953,237328,114804
1/1/16,256867,452286,197255,175154,265002,205830,305898,103922,219802,169225,313555,132387,162631,163383,359633,138861,242231,571836,290773,138253,154668,235559,298258,232431,530976,170442,158676,231028,128214,180509,264091,240481,198303,124500,200588,208229,281122,248916,151385,136309,174021,124974,240453,269669,118410,116120,129754,161363,182663,237770,114916
2/1/16,256987,455643,198797,176195,265544,207312,305927,104094,221487,169775,316325,133226,163508,163865,361718,139474,242719,573510,293101,138676,155384,236496,301487,232667,532883,171019,159368,231561,128596,181966,265773,240796,199921,125003,201351,209934,282090,251539,151594,136796,174563,125407,240778,270776,118849,116458,130097,161668,183329,238228,115066
3/1/16,257156,457396,199936,177109,266317,208514,306152,104308,222496,170265,319079,133882,164482,164374,363792,140010,243043,575299,295380,139194,156195,237233,304494,233425,534241,171423,159894,232111,128899,183124,267341,241222,201455,125564,201707,211581,282550,253298,151918,137233,175474,126010,240896,270992,119275,116855,130429,161711,184289,238604,115250
4/1/16,257520,459676,201166,178017,267292,209401,306864,104525,224199,170877,322055,134909,165512,164918,366021,140615,242771,576313,297975,139713,156930,238091,307488,234230,536794,171762,160569,232469,129285,184008,268737,241999,202434,126228,202956,212824,283554,254735,152294,137666,176354,126617,241766,270665,119672,117239,130889,161926,185403,238937,115476
5/1/16,258232,461882,202286,179075,268264,210399,307473,104749,225706,171593,324476,135940,166485,165605,368030,141263,242724,578233,301145,140206,157537,238576,309773,234696,538762,171943,161290,232565,129757,184442,270646,242759,203913,126833,204078,213461,284665,255512,152860,138110,177260,127166,243203,270094,120036,117637,131226,162270,186622,239166,115735
6/1/16,258829,464223,203603,180104,269127,211230,308044,104858,227921,172494,326540,137022,167217,166260,370009,141942,242478,581326,304018,140653,158092,239737,312062,235057,540576,172397,162226,232649,130415,184787,272579,243143,205302,127524,205230,214028,285264,256415,153628,138569,177802,127621,244567,269615,120389,118026,131532,162757,187463,239310,116064
7/1/16,259300,464835,204909,181102,269913,211685,308437,104942,229583,173340,328596,137814,167784,166853,370859,142653,242567,585385,306897,141113,158810,240889,314498,235528,542066,172801,162921,232934,131158,185261,274744,243777,206723,128107,205704,214751,285784,257165,154492,139044,178290,128046,245465,269547,120734,118392,131721,163213,188230,239452,116391
8/1/16,259814,466422,206210,181871,270724,212471,308556,105012,230914,174138,330665,138434,168263,167571,371419,143272,242268,589915,309314,141506,159551,241983,316562,235917,543467,173287,163741,232922,131879,185602,276216,244659,207888,128658,206521,215792,285884,257782,155383,139485,178231,128501,246263,269126,121042,118687,132005,163629,188992,239327,116777
9/1/16,260444,468241,207378,182697,271493,213614,308674,105211,232157,174991,332649,139199,168706,168373,372879,143911,241826,595089,311706,141793,160454,242554,318708,236255,545220,173626,164595,232940,132557,185977,277968,245651,209506,129120,207612,216685,286988,259642,156268,139963,178364,128979,247196,269375,121370,118986,132264,164113,189930,239125,117136
10/1/16,261080,471808,208535,183565,272379,215128,308955,105408,232346,175855,334637,139981,169360,169269,374486,144619,241845,599114,313813,142079,161348,243367,320665,236509,546187,174026,165604,233017,133152,186451,279484,246399,211171,129621,208620,217659,287877,260880,157185,140450,178955,129476,248389,269615,121801,119322,132636,164459,190796,238961,117391
11/1/16,261915,474639,209887,184779,273340,216607,309324,105572,233213,176793,337103,140769,170187,170072,376882,145399,242608,601547,315858,142436,162422,244186,323442,236856,549875,174489,166481,233522,133650,187294,281602,247125,212833,130145,209818,218680,289126,262136,157968,140998,180071,130070,249399,270124,122222,119698,133068,164729,191717,239104,117627
12/1/16,262885,477170,211324,186147,274485,217512,309736,105661,232196,177769,339817,141544,171266,170795,378490,146045,243568,603217,318561,142958,163482,245286,326697,237338,553707,175232,167445,234136,134059,188443,283759,248188,214247,130697,210637,219901,290038,262582,158713,141614,181043,130751,250278,270240,122677,120111,133555,164893,192632,239115,117871
1/1/17,263940,480049,212649,187358,275575,218465,310347,105637,232459,178696,342734,142490,172135,171223,380241,146719,244517,605030,321212,143602,164362,246264,330167,237732,559233,175745,168468,234260,134417,189809,285860,249266,215139,131220,211487,221170,291231,263119,159359,142252,181219,131497,251288,270137,122898,120523,133851,165238,193542,239067,118190
2/1/17,265039,483011,213792,188522,276339,219751,311002,105697,232990,179533,345760,143599,173063,171808,381361,147504,244928,606777,324304,144255,165108,247014,333764,238029,564142,176210,169532,234285,134941,191042,287835,250340,216393,131760,212240,222667,292387,263869,160312,142891,181330,132251,253163,269896,123150,120933,134100,165465,194439,238970,118453
3/1/17,265933,485965,214854,189421,277076,221410,312297,105764,235803,180400,348806,144829,173901,172340,382735,148350,245598,609008,326759,144912,166041,247100,337211,238443,567163,176679,170501,233946,135651,192322,290116,251432,217491,132427,212983,224356,293339,265106,161503,143551,181336,133029,254985,269551,123347,121381,134369,165905,195278,239022,118698
4/1/17,266799,488426,216222,190392,278035,222703,313480,106006,238278,181336,351520,146120,174859,173268,384848,149148,246349,611007,329144,145555,167222,246462,340823,238973,567352,177474,171528,233598,136542,193287,292554,252753,219546,133200,214308,226235,294273,267637,162826,144247,182018,133869,256849,269602,123754,121779,134774,166310,196200,239248,119022
5/1/17,267317,491351,217559,191191,279417,223836,315186,106250,240782,182233,353727,147469,175804,174008,387273,149714,247341,615792,330791,146126,168450,245650,344011,239945,565250,178320,172424,233787,137424,194040,294909,253939,221266,134035,215813,227872,294785,270306,163821,144718,182689,134664,257858,269953,124144,122193,135165,166830,197305,239303,119358
6/1/17,267950,494654,218921,192055,281060,225000,315985,106502,243731,183024,355685,148585,176818,174828,390111,150288,248005,619782,332071,146648,169613,245339,346930,241001,564145,179003,173326,234296,138237,194287,297210,255151,223226,134823,217620,229152,295361,272862,164696,145050,183392,135367,259108,270654,124488,122541,135437,167086,198453,239494,119676
7/1/17,268416,496183,220058,192738,282545,226551,316916,106767,247183,183703,357245,149261,177936,175531,392679,150831,248844,623610,333174,147091,170743,245239,349809,241995,564818,179603,174107,235071,138897,194531,299554,256190,225005,135593,219372,230049,295364,274598,165498,145373,183989,135931,260444,271168,124713,123079,135771,167391,199555,239748,119941
8/1/17,269121,497875,221360,193440,283887,227546,317682,107095,249915,184480,358774,149812,178986,176243,394265,151495,249578,624251,334600,147568,171824,245868,352498,243271,565276,180218,174922,234980,139623,194815,302060,256953,226790,136283,220557,230681,295719,275488,166336,145865,184544,136585,261892,271422,124967,123611,136196,167686,200442,240413,120210
9/1/17,269829,500208,222621,194208,285095,228912,318770,107628,253138,185362,360613,150419,180360,176908,396011,152334,250371,626568,335957,148017,172799,246656,355044,244653,567521,180934,175631,234930,140289,195406,303940,257807,228884,136947,221431,231423,296412,276070,167211,146515,185079,137297,263174,272077,125367,124119,136780,168157,201231,241305,120579
10/1/17,270761,504344,223942,195195,286354,230138,319717,108241,256662,186465,362901,151152,181675,177558,397265,153174,251021,629623,337522,148435,173744,247850,357834,246170,570783,181745,176324,234763,141137,196067,305675,258713,230759,137478,222017,232163,297649,277075,168254,147229,185244,138119,264492,272734,125933,124529,137265,168541,201848,242247,120971
11/1/17,271695,508597,225197,196242,287684,231462,320778,108881,260744,187554,365257,152049,183148,178273,399518,153925,252070,632977,339423,148923,174796,248792,360756,247294,573629,182492,177147,235156,141950,196887,307526,260216,233057,138093,222738,233411,299202,279384,169366,148088,185648,138852,266327,273097,126522,124965,137681,169006,202474,243113,121420
12/1/17,272444,512826,226605,197271,288867,232320,321958,109316,264481,188701,368139,152995,184618,179004,401297,154607,252827,634633,341697,149528,175894,249375,364654,248369,576010,183308,178368,235359,142801,197895,310015,261536,235054,138715,223391,235021,300641,281758,170417,149006,185916,139567,268160,272809,127070,125496,138248,169637,202953,243970,121744
1/1/18,273338,517487,227664,198274,290219,233699,323271,109703,267116,189828,370715,154324,186122,179960,403604,155358,253222,636534,344029,149983,176944,249803,368858,249345,577182,184219,179752,235786,143475,199048,312496,262544,237460,139488,224413,236934,301470,283875,171257,149879,186258,140094,269898,272114,127501,125982,138778,170536,203439,244774,122070
2/1/18,274030,522542,228817,199281,291627,235658,324833,110061,270437,191026,373316,155781,187605,180979,406163,156178,253209,639042,346566,150390,178114,251125,373614,250005,581894,185162,181158,235733,144185,200085,315436,263534,239880,140259,225889,238916,302411,285309,172109,150604,186826,140811,270830,271682,127682,126550,139346,171350,203919,245665,122432
3/1/18,275055,526880,230078,200323,293185,237699,326364,110373,272582,192074,375538,157201,188815,182256,408779,157062,253629,642024,349144,150736,179216,253054,377919,250401,581596,186448,182508,236027,145069,200744,318196,264631,242364,140949,227445,240713,303203,287280,172826,151164,187915,141662,272130,271421,127841,127040,139822,171615,204634,246471,122766
4/1/18,275790,530268,231592,201399,294611,239425,328343,110619,275713,192994,378235,158486,190078,183319,410695,157936,254079,643568,351069,151303,180346,255049,381494,251004,582274,187562,183718,235952,146074,201130,321080,266296,244849,141536,228420,242309,304650,288844,173685,151699,189261,142764,273569,271474,127936,127614,140392,171512,205446,247387,123094
5/1/18,276718,532982,233099,202402,295910,240899,329647,110754,278332,193919,380813,159608,191324,184257,412329,158779,254553,644859,352497,151869,181359,256077,384116,251989,581603,188647,184837,236056,147035,201476,323535,268149,247677,142060,229261,243427,305703,290314,174635,152272,190345,143792,275188,272030,128183,128064,141020,171239,206595,248068,123429
6/1/18,277483,535706,234414,203394,297147,242232,330795,110819,282213,194925,383060,160711,192559,185033,414163,159507,254987,646292,353816,152226,182407,256518,385720,252302,585453,189227,185595,235635,147978,201755,325624,270068,251040,142656,230438,244233,306652,291148,175722,152826,191079,144617,276627,272665,128328,128468,141694,171241,207664,248731,123882
7/1/18,278299,537425,235648,204243,298457,243643,331289,110834,285595,196073,384910,161588,193804,185847,416049,160242,255421,648606,355331,152580,183466,256918,386738,253025,588371,189780,186303,235458,149022,202058,328171,271708,254381,143278,231893,244889,307421,292276,176635,153208,191289,145369,277691,273469,128524,128830,142450,171210,208810,249395,124344
8/1/18,279021,538816,236771,205216,299859,245067,331685,110829,289244,197151,386684,162346,195011,186685,417485,161026,255976,651272,356677,152961,184446,257350,387700,253362,590445,190303,186936,235320,150018,202246,330515,272490,257086,143823,233291,245886,307809,293622,177526,153598,191665,145906,279069,273810,128724,129154,143123,171393,209747,250035,124712
9/1/18,279725,539705,237880,206066,301340,246828,332315,111071,291643,198243,388633,163081,196302,187584,418406,161668,256151,652747,357692,153468,185453,257868,389355,254373,593194,190938,187746,235196,150876,202719,333120,273186,259622,144283,234414,246909,308203,294876,178360,154099,192138,146427,280119,273780,129008,129578,143746,171458,210779,250754,125150
10/1/18,280525,541444,238997,207005,302671,248078,333073,111292,293276,199204,390755,163799,197576,188384,419330,162313,256463,653640,358805,153941,186470,258605,391146,254599,596188,191575,188596,234888,151485,203127,335599,273817,262317,144700,235264,248069,308536,295476,179242,154711,193425,146945,281116,273823,129490,130002,144281,171593,211872,251278,125595
11/1/18,281295,542500,240267,207836,303936,249235,333921,111622,294209,200316,393100,164594,198819,189228,420005,162915,256545,653059,360438,154353,187431,259932,392931,254804,599867,192351,189398,234672,152276,203709,338298,275121,265522,144915,236126,249095,309390,295790,180085,155477,194597,147624,281720,274108,130085,130513,144939,171422,212875,251897,126089
12/1/18,282316,542357,241613,208822,305065,250132,334657,111905,295959,201397,394852,165565,200025,190084,421057,163738,257141,652494,362386,154846,188361,261496,394217,255016,601719,193149,190258,234905,153189,204189,341009,276456,268410,145296,236978,250360,310335,296033,180947,156209,195943,148371,282669,274523,130651,131088,145470,171362,213852,252441,126518
1/1/19,283245,541734,242864,209975,306208,251395,334979,112319,297724,202508,396147,166534,201043,190921,421950,164642,256963,653267,364458,155412,189360,263171,395946,255579,604751,194008,190953,235539,154341,204585,344080,278219,271363,145798,237005,251653,311629,296208,181759,156930,197024,149260,283873,274947,131043,131596,146015,171389,214662,253237,126873
2/1/19,284579,540860,243677,211058,307296,252620,335413,112753,299558,203460,397564,167551,202056,191735,422344,165612,257273,655204,365848,156106,190324,264041,396922,256430,605541,194765,192125,236202,155170,205188,346791,279938,273823,146558,237095,252823,312467,295974,182399,157469,197800,150142,284918,277285,131481,132071,146533,171694,215414,254098,127342
3/1/19,285774,540689,244238,211792,308527,253870,335993,113178,300145,204323,398637,168420,203152,192303,422283,166362,257566,657533,366592,156666,191297,264602,397824,257391,609741,195319,193284,236322,155934,205620,348994,281445,276453,147156,237091,253486,312853,296755,183043,157943,198451,151047,285680,280305,131864,132434,147054,171874,216084,255579,127807
4/1/19,286882,541412,244732,212233,309502,254716,336905,113596,301192,205248,399507,169298,204267,192928,422379,166898,258272,657634,366560,157072,192141,264635,397947,258201,612425,195747,194506,236461,156491,206085,350043,282747,278407,147792,238073,254113,312911,297715,183708,158380,199186,151680,286320,,132139,132875,147540,171909,216793,257170,128388
5/1/19,287498,542452,245156,212653,310347,255507,337911,113991,301641,206048,399431,170200,205221,193461,422921,167349,258641,657726,366350,157307,193000,264058,398673,259346,615205,196287,195111,236597,157250,206198,350647,283685,280083,148497,238968,254804,313151,298825,184394,158760,200201,152377,287567,286546,132333,133302,148019,172066,217555,258992,128834
6/1/19,288050,543337,245650,213134,310838,256424,338502,114327,301638,206861,399541,170953,205815,194068,423711,167762,258575,658372,366397,157719,193727,263312,399084,260687,615387,196890,195526,237119,157869,206223,351529,284876,281273,149249,240173,255645,313532,299155,185113,159203,201305,152991,288764,287791,132728,133760,148610,172241,218251,260436,129295
7/1/19,288672,543299,246186,213643,311151,257588,339002,114646,300393,207581,399658,171487,206445,194718,423781,168132,258435,659774,366345,158143,194317,262646,399902,261994,613281,197539,196007,237650,158498,206245,352743,285701,282663,149929,241203,256313,313632,300155,185920,159704,202368,153657,289868,287578,133234,134146,149270,172495,218886,261982,129658
8/1/19,289681,543715,246563,214279,311327,259257,338910,114961,299030,208312,400305,171667,207189,195325,424108,168382,258251,660362,366884,158637,194953,262342,400902,263079,613597,198127,196689,238209,159135,206276,354365,287083,284764,150580,242226,256809,313682,300646,186817,160250,203332,154166,290212,289178,133753,134606,149870,172544,219435,263407,129985
9/1/19,290860,544780,246866,215056,311418,260678,338694,115338,298039,209136,401268,172028,208072,195937,424861,168773,258311,659755,367185,158985,195709,262337,402440,263952,614172,198677,197285,238862,159955,206291,355987,287936,287258,151240,243523,257630,313766,301206,187655,160785,204297,154779,290767,295937,134230,135059,150411,172655,219977,264859,130267
10/1/19,292135,546713,247309,215506,311573,262095,338570,115682,298447,210107,402176,172414,208859,196536,425963,169244,258426,659355,368795,159371,196594,262187,404049,264219,615670,199306,198129,239267,160802,206233,356964,288793,289896,151897,245053,258597,314055,301637,188486,161354,204845,155364,291361,297962,134865,135575,150989,172648,220543,266042,130646
11/1/19,292776,548143,248020,215893,311984,263533,338728,115639,299901,211122,403119,173101,209345,197125,426994,169776,258689,657592,370296,159718,197594,262295,406588,264306,615859,199949,198780,239400,161518,206237,358087,289640,292128,152400,246819,259636,314410,303206,189095,161778,205494,155824,292540,299832,135794,135851,151724,172821,221036,266705,131116
12/1/19,293300,550160,248737,216103,312692,265539,339634,115589,301320,212061,404548,173692,209938,197720,428251,170322,258882,655795,372276,160130,198596,262885,409941,264473,616694,200675,199804,239612,162074,206442,359269,291065,294422,152989,248191,260737,314806,304559,189622,162333,206256,156344,293714,296363,136612,136147,152556,173486,221748,267485,131625
1/1/20,293655,552721,249774,216706,313646,267418,340456,115607,302857,212813,406774,174592,210600,198269,430419,170999,259451,655402,374273,160544,199645,263515,414251,265147,621528,201380,200642,239917,162749,206848,362063,293062,296824,153552,249851,261773,315564,305614,190292,162895,207355,157086,295408,297328,137529,136381,153365,174341,222424,268327,132074
2/1/20,294673,556649,251083,217248,314735,269336,341675,115797,304214,213784,408710,175552,211770,198856,432431,171846,259777,656496,376269,160809,200955,264291,418344,265101,625631,202037,201878,240469,163592,207290,364611,294567,299926,154121,251540,262808,316216,306351,191137,163549,208475,157953,297628,295584,138049,136852,154181,175168,223463,269248,132451
3/1/20,295642,561177,252642,218029,315723,271818,342778,115946,306625,214782,410597,176930,212787,199618,434880,172641,260518,658035,378779,161012,202448,264516,422763,265424,628420,202812,202973,240769,164462,207705,367478,295952,302766,154610,253690,263785,317311,307991,192010,164136,209854,158865,300366,293789,138708,137356,155048,175647,224325,270072,132737
4/1/20,296836,564566,254087,218709,316656,275343,344551,116142,308954,215892,412289,178173,213818,200394,436263,173301,261263,660012,380357,161127,203957,265559,426113,265727,630570,203586,204054,241301,165309,207869,369530,297109,305554,155181,255676,264785,318076,310128,192524,164763,211264,159735,302605,291137,139198,137956,155943,176048,225322,270770,132851
5/1/20,297905,564465,255273,219287,317118,277716,345476,116531,309243,216922,413739,178616,214512,201536,437441,173684,261861,662577,381491,161381,205260,267271,427132,267544,626820,204095,204790,241443,166056,207775,371947,298681,307380,155651,257019,265665,318822,312168,192759,165372,212717,160664,303400,291165,139731,138356,156872,176160,225515,271248,133110
6/1/20,299120,563398,256174,219855,317655,279383,346404,116868,307700,217954,414772,178405,215364,202574,437644,174331,262754,665456,381883,161744,206521,269214,427656,269106,624739,204752,205538,241565,166828,207773,374010,299850,309615,156113,257685,266351,319675,313047,193163,165913,213687,161567,303660,290946,140213,138852,157634,176308,225851,271560,133384
7/1/20,300609,565639,256958,220665,318763,281295,347473,117177,307275,219206,416072,178635,216500,203830,439643,175358,264628,665977,383083,162336,207741,271149,429340,270935,621174,205888,206598,241460,167721,208511,377001,301417,311776,156638,258621,267219,321574,313932,193894,166561,215029,162559,304740,291314,140769,139384,158470,176678,226269,271917,133890
8/1/20,302492,572290,258505,222061,320614,285101,350600,117397,309638,220685,418653,180059,218027,205058,444188,176973,,666075,385778,162749,209033,272733,434671,271614,624333,,208277,241363,168768,209808,381077,302975,315436,157741,260941,268823,324191,316668,195111,167517,216633,163920,307624,291965,141561,140155,159535,177424,227251,272724,134156
9/1/20,304783,580794,260607,223988,323306,289724,355215,117791,313934,222504,422247,182293,219932,206644,450179,178768,,667141,390290,163218,210492,275169,441023,271764,628635,210003,210254,241504,170158,211997,385976,305170,320057,159045,264315,271017,327351,320971,196561,168711,218804,165449,311638,291865,142480,140952,160970,178317,228345,273554,134606
10/1/20,307385,589012,263139,226248,326694,294454,360820,118315,317646,224587,426767,184779,222123,208417,456811,180658,276306,670284,395643,163696,212259,278181,448440,272822,632504,,212339,242120,171709,214173,391614,308277,326468,160613,268386,273837,330790,325880,198553,170269,221126,167227,316137,293138,143610,141895,162480,179288,229756,274423,135315
11/1/20,310265,596581,265736,228520,330422,299655,366252,119361,321333,226856,431680,187315,224651,210297,463120,182655,280886,674334,401689,164644,214563,281740,455252,275301,637918,215245,214835,243329,173663,216423,397164,312096,334452,162340,272457,276938,334713,330530,200681,,224088,169313,321125,294046,144983,143106,164006,180294,231595,275777,136328
12/1/20,313231,603433,268438,230701,334088,305458,371629,120293,325323,229378,436690,189832,227322,212179,469432,184714,284848,678729,406857,165492,217073,285178,461332,278523,639792,218000,217371,244803,175742,218288,404417,317195,343418,163934,276544,279917,338782,335787,202643,174213,226855,171297,326464,297425,146324,144308,165433,181183,233452,277044,137474
1/1/21,316670,609605,271587,232976,337421,312143,375889,121316,329517,,442181,192164,230267,214247,475111,187090,288490,684453,412035,,220288,288304,467497,282762,642929,220784,220176,246212,178368,219760,410768,,,165648,281359,283237,342149,340964,205211,176649,230212,173602,331482,299078,147897,,167439,182254,,279405,138877
2/1/21,320080,616633,274719,235763,340754,317971,380330,122248,333624,236084,448188,194644,233477,216619,481005,189566,292822,691272,417357,,223268,290842,474185,286350,644382,223248,222877,248041,180940,221816,419049,330123,368117,167369,285561,286097,346256,345595,208033,179065,233604,175714,336972,299489,149259,147656,169452,183569,,281729,140412
3/1/21,323952,624408,278423,238725,344016,325319,384605,123321,337937,239792,455147,197134,236852,219152,486951,192356,297335,699799,423786,170801,226343,293656,481797,290445,649707,225768,225706,249723,183607,223712,426799,336976,381061,169329,290641,289235,350819,350398,211189,181513,237271,178226,341682,299071,150795,149662,171673,184915,,284401,141915
4/1/21,327949,634596,282426,242387,347252,331473,389714,124342,343092,243297,462842,199487,240571,221986,493369,195110,302041,708047,431065,172356,229261,297389,490403,293844,653814,228465,228313,251259,185784,226233,436765,343684,392846,171144,295759,291476,355836,355074,213621,183463,240348,180605,347902,299835,152219,151280,173475,186079,248444,286483,143215
5/1/21,332364,648775,287854,246734,351362,341562,395607,125201,351928,247468,472694,202296,244843,225071,500663,197927,307320,719557,439384,173781,232829,302212,499823,298536,660596,232054,231143,252755,188237,228551,448954,351157,403797,173069,302839,294917,360048,361630,216527,185529,243803,183173,353830,301340,154075,153378,175562,187409,251886,288611,144560
6/1/21,336786,665848,294699,252187,356336,352088,402712,126115,363280,252525,484232,205710,249997,229101,509747,200692,313298,732395,449012,175451,237147,307468,512369,302356,665250,235934,234533,254571,190877,231712,464313,359659,416522,175200,310448,298996,364169,368826,219390,187878,247804,185838,361328,302540,156182,155380,177981,189182,255550,291215,146031
7/1/21,340641,684277,302639,257859,362009,363846,410134,127086,374995,258377,496013,209276,255527,233439,518712,203473,319152,747799,458699,177201,242076,312464,524060,306721,668729,239414,237921,256561,193797,235174,479626,368496,428378,177448,317934,303943,368154,377362,222045,190186,252400,188485,368334,303380,158284,157696,180735,191276,259044,293855,147720
8/1/21,343899,697852,310684,263547,366878,373520,416909,128059,384157,264544,505639,212418,261123,238403,526515,205879,323171,762369,466695,178750,247159,317736,534971,311198,669166,242209,240770,258430,196575,238575,492286,378035,440022,179391,324080,307608,371935,384773,223977,192401,256135,190836,375458,305004,160234,159728,183428,193554,262373,296751,149344
9/1/21,346576,707582,318579,268414,370943,381137,422044,128982,391949,270364,513291,214717,266455,243289,531486,207931,325811,777526,472864,180439,252136,322917,542845,316855,669292,244380,242895,260405,199120,241112,500470,386653,447005,181233,327869,310271,374873,390293,225625,194393,259471,192923,381022,306273,162085,161826,185867,195617,265396,299497,150927
10/1/21,349059,712526,325959,272700,374021,388305,426042,129954,399037,275600,520041,216919,271915,248311,535749,209871,327666,791702,477605,181921,256980,327386,550525,321698,671486,246376,244671,262179,201610,243348,507726,394115,451145,182981,330589,312125,377660,394782,227106,196439,262506,194667,386364,307444,164067,163588,188117,197594,268113,302156,152194
11/1/21,351811,717943,333269,276346,376925,394193,429397,130904,406219,280325,527188,218526,277393,253066,539776,211905,329599,805174,482271,183485,261933,331373,559197,325522,671995,248251,246322,263919,204117,245609,514211,399972,452887,184753,332792,314183,380284,398185,228740,197997,265834,196406,391216,306342,166135,165479,190262,199195,270805,304655,153498
12/1/21,355581,724656,340075,280622,379798,399810,432594,,412749,285588,535348,220621,283696,258198,544413,214571,331678,815607,486951,185632,267856,334594,568450,330348,672860,250498,248413,266207,207112,248113,523370,407931,458055,187615,337430,317086,382774,402821,231857,200022,269722,198521,396893,307485,168948,168353,193508,201546,275313,,155993
1/1/22,359590,734728,347627,285299,383117,405385,436206,135748,422049,291307,544042,223094,289863,263317,549797,217344,334575,826846,492896,187799,273843,337530,578246,335349,675059,253043,251094,268669,210200,250465,532342,416433,464748,190434,342363,319945,385648,406583,235339,202112,273886,200864,402816,308564,171746,171270,196746,203705,279992,316289,158476
2/1/22,363837,746697,355552,290756,386925,412961,440199,138504,431860,297519,553536,225935,296019,268645,555964,220761,338550,840088,499499,189950,280661,340231,588289,341075,681287,255830,254143,271302,213435,252830,544326,426043,471661,193258,347467,322948,388752,411348,238691,204165,278271,203494,409781,312853,174531,174457,200520,206163,285768,322517,161457
3/1/22,367380,761496,365253,296187,391709,421246,445389,139565,442884,303657,563796,228719,301549,273786,563287,223965,343008,855314,507132,191285,285791,343976,599439,345972,687061,258468,257201,273271,216058,255505,553887,433230,474337,195127,351570,325705,392453,415010,240630,205754,282574,205812,415897,314243,176737,176613,203216,208049,289680,325243,163222
4/1/22,370943,775793,375934,302249,396690,431033,451489,140847,451256,310165,574168,231482,307322,279384,571710,226794,348240,869492,514503,192662,291428,348445,611137,350067,690460,261092,260244,275621,218749,258355,565294,439919,475537,197204,355612,328924,396024,419601,242598,207270,286636,208423,421380,318171,178935,178905,206122,210351,293388,328172,165196
5/1/22,374123,786581,386659,307725,401823,438771,457938,141715,458395,316210,582529,233857,312649,284988,578855,229119,352833,883044,520726,194068,295963,352541,618503,353167,692150,263496,262769,277977,221055,261541,573102,445392,476779,199245,359389,331878,399428,425111,244466,208910,290206,210717,425394,321238,181065,180798,208372,212564,295855,330964,166589
6/1/22,377279,788876,395702,312431,405965,444572,463522,142559,462839,321612,585725,235814,317625,290356,584334,231330,356550,894438,523060,195575,301394,355778,620860,357048,690933,265631,265024,280192,223355,264218,576215,451707,478997,201260,362781,333943,402168,430516,246309,210832,293788,212990,429388,326943,183257,182778,210628,214772,298497,334012,168361
7/1/22,379864,785718,401918,314903,409031,443766,467889,143224,463386,325133,584060,236577,320858,294613,585873,232980,358586,904234,521453,197021,305262,358151,619498,361850,686786,267128,266568,281952,224834,266089,573336,457272,478400,202823,365554,334693,404148,434309,247133,212466,296362,214486,432744,331581,185233,184478,212320,216387,301225,336506,169665
8/1/22,381564,776658,405473,315801,410871,439536,470203,143883,460280,327518,580062,237035,323074,297706,585144,234214,359838,909553,517837,198348,308001,360044,615891,366719,682996,268122,267763,283129,226035,266826,566263,462552,475314,204292,367664,334581,405231,435846,247768,213970,298504,215796,435645,334967,186780,185741,214028,217478,303452,338231,170794
9/1/22,382958,769405,406988,315815,411861,432850,471719,144640,454158,328682,577500,237236,323991,299173,583964,234924,360650,910349,515439,199388,309460,361656,613674,370790,681476,268984,268737,284130,227165,267383,562693,463871,471341,205598,369767,334482,405957,437424,248627,214970,299814,216746,438366,336888,187915,187071,215294,218008,305170,339353,171319