month_year,state_name,state_id,median_listing_price,median_listing_price_mm,median_listing_price_yy,active_listing_count,active_listing_count_mm,active_listing_count_yy,median_days_on_market,median_days_on_market_mm,median_days_on_market_yy,new_listing_count,new_listing_count_mm,new_listing_count_yy,price_increased_count,price_increased_count_mm,price_increased_count_yy,price_reduced_count,price_reduced_count_mm,price_reduced_count_yy,pending_listing_count,pending_listing_count_mm,pending_listing_count_yy,median_listing_price_per_square_foot,median_listing_price_per_square_foot_mm,median_listing_price_per_square_foot_yy,median_square_feet,median_square_feet_mm,median_square_feet_yy,average_listing_price,average_listing_price_mm,average_listing_price_yy,total_listing_count,total_listing_count_mm,total_listing_count_yy,pending_ratio,pending_ratio_mm,pending_ratio_yy,quality_flag
7/1/2021,california,ca,729500,-0.0247,0.0503,40110,0.1177,-0.2390,30,0.0000,-0.3059,43320,-0.0297,0.0491,3064,-0.0988,0.0464,10388,0.2595,-0.2591,49294,-0.0369,-0.1120,434,-0.0191,0.1288,1771,-0.0056,-0.0657,1464195,-0.0387,0.0835,89357,0.0226,-0.1741,1.2290,-0.1973,0.1758,0
6/1/2021,california,ca,748000,0.0013,0.1376,35885,0.0922,-0.3789,30,-0.0167,-0.3371,44644,0.0237,0.1306,3400,-0.0219,0.2611,8248,0.2002,-0.4509,51181,0.0048,0.0359,443,0.0020,0.2236,1781,-0.0061,-0.0631,1523206,-0.0256,0.1946,87379,0.0428,-0.1848,1.4263,-0.1240,0.5711,0
5/1/2021,california,ca,747000,-0.0023,0.2323,32857,0.0443,-0.4707,30,-0.0164,-0.4643,43612,0.0430,0.1881,3476,-0.0103,0.7881,6872,0.1640,-0.5477,50937,0.0259,0.4325,442,-0.0051,0.3224,1792,-0.0019,-0.0488,1563199,-0.0301,0.3418,83794,0.0355,-0.1441,1.5503,-0.0278,0.9775,0
4/1/2021,california,ca,748758,-0.0003,0.2932,31464,0.0463,-0.4632,31,0.0000,-0.3511,41816,0.0483,0.6145,3512,0.0961,0.9468,5904,0.0279,-0.4558,49652,0.0229,0.5548,444,-0.0075,0.4064,1796,-0.0011,-0.0352,1611697,-0.0244,0.4308,80922,0.0281,-0.1089,1.5781,-0.0361,1.0333,0
3/1/2021,california,ca,749000,0.0132,0.2504,30072,-0.0161,-0.4632,31,-0.1159,-0.2278,39888,0.1311,0.0996,3204,0.0958,0.4152,5744,0.0692,-0.5579,48541,0.0593,0.1012,448,0.0105,0.3936,1798,0.0011,-0.0587,1652025,0.0019,0.3531,78713,0.0371,-0.2136,1.6142,0.1150,0.8273,0
2/1/2021,california,ca,739250,0.0268,0.2859,30565,-0.0642,-0.4458,35,-0.3365,-0.1786,35264,0.0739,-0.0315,2924,0.1076,0.1369,5372,-0.0763,-0.5790,45822,0.1185,0.1292,443,0.0398,0.4419,1796,-0.0124,-0.0500,1648922,0.0306,0.3586,75896,0.0398,-0.2075,1.4992,0.2449,0.7633,0
1/1/2021,california,ca,719990,0.0191,0.3263,32663,-0.1548,-0.4103,52,0.0612,-0.2409,32836,0.2655,-0.0033,2640,0.0873,0.3983,5816,-0.1720,-0.5383,40967,-0.1314,0.3081,426,0.0262,0.4388,1818,-0.0063,-0.0249,1599935,0.0452,0.4229,72991,-0.1494,-0.1592,1.2542,0.0338,0.6888,1
12/1/2020,california,ca,706488,-0.0214,0.2976,38644,-0.1918,-0.3797,49,0.1807,-0.2462,25948,-0.2268,0.3087,2428,-0.0676,0.5725,7024,-0.3649,-0.3303,47164,-0.1328,0.3061,415,-0.0046,0.4068,1830,-0.0068,-0.0224,1530795,0.0241,0.3550,85809,-0.1604,-0.1280,1.2205,0.0830,0.6408,0
11/1/2020,california,ca,721956,0.0027,0.2913,47816,-0.0429,-0.3687,42,0.1857,-0.2589,33560,-0.2291,0.0919,2604,-0.1953,0.4214,11060,-0.1915,-0.4753,54389,-0.0351,0.3026,417,0.0092,0.3609,1842,-0.0043,-0.0155,1494699,0.0196,0.3464,102205,-0.0396,-0.1305,1.1375,0.0091,0.5862,0
10/1/2020,california,ca,720000,0.0177,0.2633,49957,0.0161,-0.4001,35,-0.0141,-0.3137,43532,-0.0529,0.1620,3236,0.0293,0.5618,13680,0.0449,-0.4841,56370,-0.0285,0.3008,413,0.0192,0.3273,1850,-0.0070,-0.0120,1466005,0.0183,0.3400,106421,-0.0070,-0.1595,1.1284,-0.0519,0.6080,0
9/1/2020,california,ca,707500,0.0122,0.2297,49164,0.0003,-0.4196,36,-0.0897,-0.3173,45964,0.0843,0.1083,3144,-0.0564,-0.4863,13092,-0.0052,-0.5575,58026,-0.0052,0.2040,405,0.0187,0.2909,1863,-0.0090,-0.0045,1439695,0.0386,0.3259,107174,0.0006,-0.1953,1.1803,-0.0065,0.6113,0
8/1/2020,california,ca,699000,0.0064,0.2096,49151,-0.0675,-0.4363,39,-0.0824,-0.2041,42392,0.0266,-0.0020,3332,0.1380,-0.2495,13160,-0.0613,-0.5638,58331,0.0508,0.2273,398,0.0341,0.2646,1880,-0.0082,-0.0021,1386219,0.0258,0.2685,107109,-0.0100,-0.2050,1.1868,0.1336,0.6417,0
7/1/2020,california,ca,694588,0.0564,0.1924,52709,-0.0877,-0.4101,43,-0.0449,-0.1146,41292,0.0457,-0.0779,2928,0.0861,0.2979,14020,-0.0666,-0.5493,55512,0.1236,0.1966,385,0.0633,0.2194,1896,-0.0029,0.0000,1351407,0.0598,0.2294,108191,0.0094,-0.2027,1.0532,0.1980,0.5340,0
6/1/2020,california,ca,657500,0.0846,0.1239,57775,-0.0693,-0.3349,45,-0.2054,0.0349,39488,0.0757,-0.1532,2696,0.3868,0.1196,15020,-0.0113,-0.4915,49406,0.3895,0.0607,362,0.0828,0.1476,1901,0.0090,0.0011,1275099,0.0945,0.1645,107181,0.0948,-0.2001,0.8551,0.2823,0.3189,0
5/1/2020,california,ca,606208,0.0470,0.0506,62075,0.0590,-0.2691,56,0.1915,0.3827,36708,0.4173,-0.2667,1944,0.0776,-0.1993,15192,0.4004,-0.4336,35557,0.1135,-0.1700,334,0.0582,0.0631,1884,0.0124,-0.0019,1164981,0.0342,0.0735,97903,0.0780,-0.2338,0.5728,0.0280,0.0684,1
4/1/2020,california,ca,579000,-0.0334,0.0176,58618,0.0464,-0.2549,47,0.1899,0.1190,25900,-0.2860,-0.4651,1804,-0.2032,-0.1961,10848,-0.1650,-0.5569,31934,-0.2755,-0.2194,316,-0.0165,0.0073,1861,-0.0254,-0.0021,1126438,-0.0774,0.0549,90815,-0.0927,-0.2405,0.5448,-0.2421,0.0247,0
3/1/2020,california,ca,599000,0.0419,0.0854,56019,0.0158,-0.2737,40,-0.0595,-0.1596,36276,-0.0037,-0.1282,2264,-0.1198,-0.4933,12992,0.0182,-0.5032,44079,0.0862,0.2066,321,0.0455,0.0424,1910,0.0103,0.0394,1220896,0.0059,0.1736,100098,0.0452,-0.1194,0.7869,0.0510,0.3133,0
2/1/2020,california,ca,574900,0.0591,0.0807,55149,-0.0044,-0.2755,42,-0.3869,-0.1340,36412,0.1053,0.0051,2572,0.3623,-0.5397,12760,0.0130,-0.5322,40580,0.2957,0.3120,307,0.0376,0.0224,1890,0.0137,0.0465,1213679,0.0794,0.2163,95771,0.1032,-0.1094,0.7358,0.1704,0.3295,0
1/1/2020,california,ca,542836,-0.0030,0.0360,55393,-0.1108,-0.2695,69,0.0538,0.0703,32944,0.6615,-0.1023,1888,0.2228,-0.6134,12596,0.2010,-0.5350,31319,-0.1327,0.2571,296,0.0033,0.0078,1865,-0.0037,0.0358,1124402,-0.0047,0.1547,86815,-0.1178,-0.1382,0.5654,-0.0143,0.2369,0
12/1/2019,california,ca,544450,-0.0262,0.0370,62296,-0.1776,-0.2404,65,0.1607,0.1017,19828,-0.3549,-0.1846,1544,-0.1572,-0.7620,10488,-0.5025,-0.6117,36110,-0.1352,0.2278,295,-0.0370,0.0030,1872,0.0003,0.0380,1129713,0.0176,0.1649,98406,-0.1629,-0.1168,0.5797,0.0284,0.2210,0
11/1/2019,california,ca,559104,-0.0190,0.0364,75748,-0.0905,-0.1877,56,0.0980,0.1429,30736,-0.1796,-0.1409,1832,-0.1158,-0.7489,21080,-0.2050,-0.4650,41755,-0.0364,0.2600,306,-0.0158,0.0195,1871,-0.0008,0.0323,1110171,0.0148,0.1277,117551,-0.0716,-0.0699,0.5512,0.0309,0.1959,0
10/1/2019,california,ca,569950,-0.0094,0.0555,83282,-0.0169,-0.1209,51,-0.0192,0.1333,37464,-0.0966,-0.1026,2072,-0.6614,-0.7622,26516,-0.1037,-0.4193,43334,-0.1009,0.2105,311,-0.0087,0.0339,1873,0.0005,0.0277,1094016,0.0075,0.1150,126617,-0.0493,-0.0284,0.5203,-0.0486,0.1424,0
9/1/2019,california,ca,575357,-0.0043,0.0557,84712,-0.0285,-0.0933,52,0.0612,0.1818,41472,-0.0236,-0.0567,6120,0.3784,-0.3408,29584,-0.0194,-0.3472,48195,0.0140,0.2953,314,-0.0020,0.0444,1872,-0.0066,0.0193,1085832,-0.0064,0.1033,133181,-0.0115,0.0194,0.5689,0.0238,0.1707,0
8/1/2019,california,ca,577857,-0.0080,0.0526,87196,-0.0242,-0.0252,49,0.0208,0.1807,42476,-0.0515,-0.0697,4440,0.9681,-0.5711,30168,-0.0301,-0.2890,47529,0.0246,0.2122,315,-0.0029,0.0488,1884,-0.0061,0.0167,1092830,-0.0058,0.1017,134725,-0.0071,0.0474,0.5451,0.0259,0.1067,0
7/1/2019,california,ca,582500,-0.0043,0.0591,89354,0.0287,0.0423,48,0.1163,0.2308,44780,-0.0397,-0.0361,2256,-0.0631,-0.7562,31104,0.0529,-0.1580,46390,-0.0040,0.4670,316,0.0008,0.0488,1896,-0.0018,0.0080,1099197,0.0039,0.0736,135691,0.0127,0.1569,0.5192,-0.0171,0.1503,1
6/1/2019,california,ca,585000,0.0139,0.0541,86863,0.0228,0.0825,43,0.0617,0.1622,46632,-0.0684,-0.0355,2408,-0.0082,-0.7698,29540,0.1014,-0.0851,46578,0.0872,0.3774,315,0.0031,0.0521,1899,0.0061,-0.0016,1094948,0.0090,0.0463,133988,0.0487,0.1747,0.5362,0.0318,0.1148,0
5/1/2019,california,ca,577000,0.0141,0.0491,84927,0.0796,0.1402,41,-0.0357,0.1571,50056,0.0337,0.0099,2428,0.0820,-0.7581,26820,0.0954,-0.0483,42842,0.0472,0.2402,314,0.0026,0.0624,1888,0.0121,-0.0128,1085179,0.0162,0.0287,127770,0.0685,0.1716,0.5045,-0.0156,0.0407,0
4/1/2019,california,ca,569000,0.0311,0.0402,78668,0.0199,0.1535,42,-0.1064,0.1351,48424,0.1637,0.0116,2244,-0.4978,-0.7614,24484,-0.0638,-0.0039,40911,0.1199,0.2505,314,0.0177,0.0706,1865,0.0152,-0.0207,1067854,0.0265,0.0161,119579,0.0520,0.1849,0.5200,0.0464,0.0403,0
3/1/2019,california,ca,551857,0.0374,0.0414,77134,0.0134,0.2253,47,-0.0309,0.2703,41612,0.1486,-0.0118,4468,-0.2004,-0.4604,26152,-0.0412,0.2205,36531,0.1811,0.1684,308,0.0254,0.0740,1837,0.0172,-0.0290,1040258,0.0425,-0.0042,113668,0.0571,0.2004,0.4736,0.0673,-0.0231,1
2/1/2019,california,ca,531950,0.0153,0.0544,76116,0.0038,0.2729,49,-0.2422,0.2933,36228,-0.0129,-0.0795,5588,0.1441,-0.0425,27276,0.0069,0.4512,30929,0.2415,0.1474,300,0.0228,0.0885,1806,0.0033,-0.0376,997870,0.0247,-0.0274,107530,0.0674,0.2395,0.4063,0.0778,-0.0444,1
1/1/2019,california,ca,523954,-0.0020,0.0500,75828,-0.0754,0.3339,64,0.0847,0.1327,36700,0.5093,0.0705,4884,-0.2472,-0.0679,27088,0.0030,0.5886,24913,-0.1529,0.1323,294,-0.0014,0.0861,1800,-0.0017,-0.0385,973802,0.0042,-0.0363,100737,-0.0959,0.2769,0.3285,-0.0301,-0.0585,1
7/1/2021,florida,fl,392500,0.0083,0.1252,52664,0.0695,-0.5289,43,0.0000,-0.5057,43808,-0.0274,0.0290,3596,-0.2655,-0.3813,14124,0.2584,-0.4665,71299,-0.0821,0.0115,238,0.0082,0.2073,1627,0.0031,-0.0488,870253,-0.0139,0.2217,123243,-0.0279,-0.3230,1.3538,-0.2236,0.7233,0
6/1/2021,florida,fl,389250,0.0270,0.1300,49242,0.0129,-0.5917,43,-0.0652,-0.5474,45044,-0.0286,0.0421,4896,-0.1251,-0.0755,11224,0.1581,-0.6029,77679,-0.0499,0.1875,236,0.0145,0.2178,1622,0.0134,-0.0584,882548,0.0277,0.2687,126782,-0.0293,-0.3174,1.5775,-0.1044,1.0352,0
5/1/2021,florida,fl,379000,0.0327,0.1180,48614,-0.0665,-0.6307,46,-0.1068,-0.4651,46372,0.0287,0.1904,5596,-0.0692,0.1896,9692,-0.0210,-0.6624,81762,-0.0304,0.6028,233,0.0223,0.2264,1600,0.0088,-0.0762,858732,0.0215,0.2745,130609,-0.0421,-0.2849,1.6819,0.0627,1.2944,0
4/1/2021,florida,fl,367000,0.0413,0.1005,52077,-0.1020,-0.6199,52,-0.0804,-0.2897,45080,-0.0288,0.4995,6012,-0.0421,1.0366,9900,-0.1319,-0.5815,84323,-0.0051,0.7656,228,0.0312,0.2149,1586,0.0038,-0.0880,840657,0.0308,0.2672,136350,-0.0448,-0.2626,1.6192,0.1576,1.2707,0
3/1/2021,florida,fl,352450,0.0099,0.0262,57990,-0.1529,-0.5728,56,-0.1884,-0.1579,46416,0.0662,-0.0277,6276,-0.1403,0.6907,11404,-0.1924,-0.6874,84759,0.0751,0.2812,221,0.0209,0.1624,1580,-0.0022,-0.1035,815527,0.0312,0.1810,142749,-0.0262,-0.2924,1.4616,0.3099,0.9743,0
2/1/2021,florida,fl,349000,0.0057,0.0295,68456,-0.1564,-0.5002,69,-0.0800,-0.1039,43536,0.0302,-0.0693,7300,-0.0992,0.5375,14120,-0.1531,-0.6379,78840,0.2458,0.2599,216,0.0227,0.1490,1584,-0.0195,-0.1003,790882,0.0281,0.1539,146586,0.0149,-0.2688,1.1517,0.3718,0.6948,0
1/1/2021,florida,fl,347008,-0.0056,0.0358,81149,-0.1053,-0.4040,75,0.0638,-0.0854,42260,0.1648,-0.1277,8104,0.5314,0.9113,16672,-0.0615,-0.5649,63287,-0.0266,0.3592,211,0.0176,0.1323,1615,-0.0158,-0.0860,769298,0.0147,0.1314,144436,-0.0729,-0.2095,0.7799,0.0631,0.4379,0
12/1/2020,florida,fl,348964,-0.0004,0.0417,90697,-0.0581,-0.3494,71,0.0292,-0.0903,36280,-0.0998,0.0009,5292,-0.0053,0.5940,17764,-0.1905,-0.3394,65014,-0.0637,0.3210,208,0.0069,0.1167,1641,-0.0076,-0.0721,758153,0.0110,0.1318,155801,-0.0599,-0.1745,0.7168,-0.0043,0.3638,0
11/1/2020,florida,fl,349092,-0.0023,0.0421,96287,-0.0146,-0.3120,69,-0.0072,-0.0987,40300,-0.0962,-0.0671,5320,-0.1430,0.5647,21944,-0.0325,-0.4086,69439,-0.0194,0.3187,206,0.0002,0.1128,1654,-0.0081,-0.0685,749911,0.0005,0.1334,165727,-0.0178,-0.1396,0.7212,-0.0035,0.3449,0
10/1/2020,florida,fl,349900,-0.0001,0.0463,97711,-0.0215,-0.2964,69,-0.0483,-0.1210,44588,0.0420,-0.0037,6208,-0.0940,0.7860,22680,0.0066,-0.3942,70811,-0.0148,0.3865,206,0.0086,0.1182,1667,-0.0069,-0.0640,749547,0.0068,0.1562,168736,-0.0167,-0.1117,0.7247,0.0050,0.3570,0
9/1/2020,florida,fl,349950,0.0027,0.0606,99862,-0.0530,-0.2659,73,-0.0203,-0.1369,42792,-0.0088,0.0029,6852,0.0445,-0.0820,22532,-0.0961,-0.3978,71873,0.0137,0.3755,205,0.0180,0.1205,1679,-0.0068,-0.0549,744449,0.0299,0.1724,171595,-0.0259,-0.0890,0.7197,0.0474,0.3356,0
8/1/2020,florida,fl,349000,0.0005,0.0485,105456,-0.0567,-0.2416,74,-0.1494,-0.1190,43172,0.0141,0.0213,6560,0.1287,0.1664,24928,-0.0583,-0.3356,70905,0.0059,0.2920,201,0.0193,0.0983,1690,-0.0117,-0.0526,722806,0.0147,0.1358,176153,-0.0323,-0.0917,0.6724,0.0418,0.2777,0
7/1/2020,florida,fl,348836,0.0126,0.0413,111790,-0.0731,-0.2171,87,-0.0842,0.0675,42572,-0.0151,0.0016,5812,0.0974,0.6180,26472,-0.0634,-0.3030,70491,0.0776,0.2392,197,0.0170,0.0747,1710,-0.0070,-0.0452,712303,0.0240,0.1140,182040,-0.0199,-0.0887,0.6306,0.0882,0.2322,0
6/1/2020,florida,fl,344482,0.0162,0.0179,120611,-0.0838,-0.1827,95,0.1047,0.1875,43224,0.1096,-0.0141,5296,0.1259,0.3019,28264,-0.0155,-0.3076,65412,0.2823,0.0926,194,0.0216,0.0546,1722,-0.0058,-0.0401,695615,0.0324,0.0756,185737,0.0169,-0.1047,0.5423,0.1548,0.1366,0
5/1/2020,florida,fl,339000,0.0165,0.0106,131642,-0.0393,-0.1361,86,0.1862,0.1097,38956,0.2958,-0.1779,4704,0.5935,0.0034,28708,0.2136,-0.3374,51012,0.0681,-0.1706,190,0.0127,0.0333,1732,-0.0040,-0.0313,673799,0.0157,0.0327,182654,-0.0121,-0.1452,0.3875,0.0390,-0.0161,0
4/1/2020,florida,fl,333495,-0.0290,0.0020,137023,0.0093,-0.1287,73,0.0902,-0.0333,30064,-0.3703,-0.3845,2952,-0.2047,-0.2462,23656,-0.3515,-0.4795,47758,-0.2781,-0.2187,187,-0.0134,0.0226,1739,-0.0133,-0.0225,663381,-0.0393,0.0220,184898,-0.0835,-0.1529,0.3485,-0.1388,-0.0402,0
3/1/2020,florida,fl,343450,0.0131,0.0415,135760,-0.0088,-0.1592,67,-0.1364,-0.0890,47740,0.0206,-0.0379,3712,-0.2182,-0.1541,36480,-0.0646,-0.3140,66155,0.0572,0.1763,190,0.0092,0.0386,1763,0.0014,-0.0029,690512,0.0075,0.0714,201737,0.0063,-0.0733,0.4873,0.0304,0.1390,0
2/1/2020,florida,fl,339000,0.0119,0.0376,136960,0.0059,-0.1647,77,-0.0610,-0.0610,46776,-0.0345,-0.0755,4748,0.1198,0.0017,39000,0.0177,-0.3234,62574,0.3439,0.2761,188,0.0079,0.0318,1760,-0.0040,0.0014,685382,0.0080,0.0718,200480,0.0972,-0.0595,0.4569,0.1149,0.1578,0
1/1/2020,florida,fl,335000,0.0000,0.0308,136150,-0.0233,-0.1422,82,0.0581,-0.0296,48448,0.3366,-0.0746,4240,0.2771,-0.0390,38320,0.4250,-0.2827,46561,-0.0539,0.1849,187,0.0036,0.0295,1767,-0.0008,0.0063,679937,0.0150,0.0699,182712,-0.0319,-0.0773,0.3420,-0.0111,0.0944,0
12/1/2019,florida,fl,335000,0.0000,0.0308,139403,-0.0040,-0.1081,78,0.0197,-0.0313,36248,-0.1609,-0.0462,3320,-0.0235,-0.2609,26892,-0.2753,-0.3927,49214,-0.0654,0.1944,186,0.0033,0.0315,1769,-0.0037,0.0048,669867,0.0124,0.0612,188732,-0.0202,-0.0473,0.3530,-0.0232,0.0894,0
11/1/2019,florida,fl,335000,0.0018,0.0308,139956,0.0077,-0.0883,76,-0.0318,-0.0194,43200,-0.0347,-0.0425,3400,-0.0219,-0.2544,37108,-0.0088,-0.2605,52658,0.0310,0.1837,185,0.0051,0.0337,1775,-0.0034,-0.0011,661665,0.0206,0.0567,192614,0.0140,-0.0281,0.3762,0.0085,0.0864,0
10/1/2019,florida,fl,334412,0.0135,0.0290,138882,0.0209,-0.0583,79,-0.0655,-0.0063,44752,0.0488,0.0098,3476,-0.5343,-0.2450,37436,0.0005,-0.2893,51073,-0.0226,0.1018,185,0.0106,0.0344,1781,0.0028,-0.0014,648298,0.0209,0.0431,189955,0.0085,-0.0202,0.3677,-0.0164,0.0535,0
9/1/2019,florida,fl,329950,-0.0087,0.0152,136033,-0.0217,-0.0477,84,0.0000,0.0500,42668,0.0094,-0.0086,7464,0.3272,0.1992,37416,-0.0028,-0.3452,52253,-0.0479,0.0757,183,-0.0021,0.0325,1776,-0.0044,-0.0078,634996,-0.0022,0.0352,188362,-0.0287,-0.0168,0.3841,-0.0106,0.0441,0
8/1/2019,florida,fl,332857,-0.0064,0.0138,139051,-0.0261,-0.0163,84,0.0307,0.0500,42272,-0.0055,-0.0254,5624,0.5657,-0.0689,37520,-0.0121,-0.2974,54880,-0.0352,0.0669,183,-0.0026,0.0307,1784,-0.0040,-0.0095,636388,-0.0048,0.0255,193931,-0.0292,0.0051,0.3947,-0.0037,0.0308,0
7/1/2019,florida,fl,335000,-0.0101,0.0161,142781,-0.0325,0.0057,82,0.0188,0.0316,42504,-0.0305,-0.0466,3592,-0.1170,-0.4680,37980,-0.0696,-0.3321,56885,-0.0498,0.0527,183,-0.0021,0.0294,1791,-0.0017,-0.0094,639428,-0.0113,0.0222,199754,-0.0371,0.0198,0.3984,-0.0073,0.0178,0
6/1/2019,florida,fl,338432,0.0089,0.0256,147570,-0.0315,0.0390,80,0.0323,0.0256,43840,-0.0748,-0.0229,4068,-0.1323,-0.4189,40820,-0.0578,-0.2935,59869,-0.0266,0.0327,184,0.0010,0.0272,1794,0.0034,-0.0088,646723,-0.0088,0.0233,207455,-0.0291,0.0372,0.4057,0.0020,-0.0025,0
5/1/2019,florida,fl,335436,0.0078,0.0167,152377,-0.0310,0.0607,78,0.0333,0.0473,47384,-0.0299,-0.0041,4688,0.1971,-0.3702,43324,-0.0468,-0.2512,61507,0.0062,-0.0001,184,0.0021,0.0244,1788,0.0051,-0.0078,652437,0.0051,0.0267,213679,-0.0210,0.0420,0.4037,0.0149,-0.0245,0
4/1/2019,florida,fl,332826,0.0093,0.0087,157257,-0.0260,0.0842,75,0.0274,0.0345,48844,-0.0156,-0.0021,3916,-0.1076,-0.5250,45452,-0.1453,-0.2374,61128,0.0869,-0.0001,183,0.0021,0.0195,1779,0.0064,-0.0125,649131,0.0071,0.0149,218268,0.0026,0.0583,0.3887,0.0404,-0.0328,0
3/1/2019,florida,fl,329751,0.0093,0.0063,161459,-0.0152,0.1063,73,-0.1098,0.0580,49620,-0.0193,-0.0022,4388,-0.0743,-0.3339,53180,-0.0774,-0.0639,56240,0.1469,-0.0357,183,0.0025,0.0233,1768,0.0058,-0.0168,644524,0.0079,0.0080,217699,0.0213,0.0630,0.3483,0.0492,-0.0513,0
2/1/2019,florida,fl,326700,0.0052,0.0052,163956,0.0330,0.1354,82,-0.0296,0.0380,50596,-0.0335,0.0009,4740,0.0743,-0.2219,57644,0.0791,0.0707,49037,0.2480,-0.0519,182,0.0057,0.0255,1758,0.0009,-0.0193,639457,0.0062,0.0021,213153,0.0765,0.0817,0.2991,0.0515,-0.0591,0
1/1/2019,florida,fl,325000,0.0000,0.0003,158717,0.0155,0.1295,85,0.0562,0.0368,52352,0.3775,0.0550,4412,-0.0178,-0.2093,53420,0.2063,0.1481,39294,-0.0463,-0.0825,181,0.0055,0.0256,1756,-0.0023,-0.0184,635525,0.0068,-0.0004,198011,-0.0005,0.0799,0.2476,-0.0160,-0.0572,0
7/1/2021,new york,ny,597000,-0.0168,0.0914,48510,0.0119,-0.1672,58,0.0849,-0.0496,20768,-0.0786,-0.1455,1048,-0.0332,-0.0038,8952,-0.0027,-0.2434,30275,0.0097,-0.0711,350,-0.0468,0.2431,1617,0.0106,-0.0997,1321868,-0.0360,0.1481,78840,0.0117,-0.1325,0.6241,-0.0014,0.0646,0
6/1/2021,new york,ny,607200,-0.0285,0.1640,47940,0.0492,-0.1220,53,0.0000,-0.3873,22540,-0.0044,-0.0448,1084,-0.1144,0.1483,8976,0.1842,0.1663,29985,0.0817,0.0725,367,-0.0437,0.4233,1600,0.0006,-0.1228,1371263,-0.0290,0.2190,77926,0.0615,-0.0561,0.6255,0.0188,0.1134,0
5/1/2021,new york,ny,625000,-0.0064,0.2500,45691,0.0561,-0.1320,53,-0.1783,-0.3690,22640,0.0564,0.5077,1224,-0.0437,0.8000,7580,0.0816,0.4280,27719,0.0696,-0.0030,384,-0.0115,0.5360,1599,0.0066,-0.1117,1412281,-0.0115,0.2487,73410,0.0612,-0.0745,0.6067,0.0077,0.0785,0
4/1/2021,new york,ny,629000,0.0145,0.2215,43264,0.0267,-0.2288,65,-0.1988,0.0238,21432,0.2108,1.9247,1280,0.1852,3.0506,7008,0.1967,1.3676,25915,0.0590,-0.0997,388,0.0185,0.5561,1589,-0.0019,-0.1175,1428772,0.0140,0.2207,69179,0.0357,-0.2066,0.5990,0.0182,0.0859,1
3/1/2021,new york,ny,620000,0.0194,0.2425,42137,-0.0260,-0.2632,81,-0.1910,0.1103,17700,0.3950,-0.0353,1080,0.2217,0.8493,5856,0.1323,-0.2504,24471,-0.0605,-0.0716,381,0.0275,0.5827,1592,-0.0053,-0.1148,1409008,0.0147,0.2651,66795,-0.0362,-0.2005,0.5807,-0.0213,0.1198,0
2/1/2021,new york,ny,608224,0.0154,0.2272,43263,-0.0688,-0.2318,100,0.0474,0.0051,12688,-0.0739,-0.2147,884,0.1162,0.4351,5172,-0.1994,-0.4299,26047,-0.1693,0.0907,371,0.0280,0.5847,1600,-0.0006,-0.1006,1388646,0.0106,0.2543,69303,-0.1051,-0.1358,0.6021,-0.0728,0.1780,0
1/1/2021,new york,ny,599000,-0.0008,0.2663,46459,-0.1251,-0.1703,95,0.1585,-0.0640,13700,0.3291,-0.0946,792,0.1124,0.3378,6460,-0.1680,-0.3257,31354,-0.1492,0.3176,361,0.0497,0.6255,1601,-0.0303,-0.0890,1374044,0.0383,0.2658,77441,-0.1391,-0.0303,0.6749,-0.0192,0.2499,0
12/1/2020,new york,ny,599450,0.0008,0.2635,53101,-0.1126,-0.1393,82,0.1389,-0.1135,10308,-0.3287,0.1377,712,-0.1317,0.7624,7764,-0.2603,0.0923,36854,-0.1141,0.4323,344,0.0173,0.5737,1651,-0.0216,-0.0630,1323350,0.0193,0.2280,89955,-0.1132,0.0290,0.6940,-0.0011,0.2770,0
11/1/2020,new york,ny,599000,-0.0442,0.2611,59842,-0.0373,-0.1418,72,0.2857,-0.1000,15356,-0.3120,0.0052,820,-0.1529,0.3576,10496,-0.2481,-0.2170,41601,-0.0277,0.5162,338,-0.0335,0.5601,1688,-0.0009,-0.0498,1298249,-0.0242,0.2389,101443,-0.0319,0.0503,0.6952,0.0069,0.3017,0
10/1/2020,new york,ny,626688,0.0542,0.3136,62158,0.0165,-0.1609,56,0.0000,-0.3000,22320,-0.0398,0.2411,968,-0.0692,0.6690,13960,0.0598,-0.1391,42784,0.0337,0.5981,350,0.0839,0.6366,1689,-0.0169,-0.0617,1330428,0.0597,0.2743,104782,0.0219,0.0392,0.6883,0.0115,0.3269,1
9/1/2020,new york,ny,594450,0.0162,0.2643,61151,0.0098,-0.1741,56,0.0980,-0.3171,23244,0.0108,0.0829,1040,-0.0813,-0.6078,13172,0.0751,-0.3022,41389,0.0660,0.5477,323,0.0290,0.5106,1718,-0.0104,-0.0493,1255455,0.0117,0.2382,102540,0.0318,0.0185,0.6768,0.0357,0.3157,0
8/1/2020,new york,ny,585000,0.0695,0.2323,60558,0.0397,-0.1887,51,-0.1570,-0.3377,22996,-0.0538,0.0976,1132,0.0760,-0.3419,12252,0.0355,-0.3287,38825,0.1913,0.9385,314,0.1142,0.4732,1736,-0.0334,-0.0457,1240950,0.0778,0.2098,99383,0.0935,0.0498,0.6411,0.0816,0.3728,0
7/1/2020,new york,ny,547000,0.0486,0.1290,58247,0.0668,-0.2285,61,-0.3006,-0.1103,24304,0.0300,0.1676,1052,0.1144,0.5115,11832,0.5374,-0.3297,32591,0.1657,1.1029,282,0.0913,0.2970,1796,-0.0154,-0.0159,1151392,0.0235,0.0861,90887,0.1009,-0.0013,0.5595,0.0475,0.3543,0
6/1/2020,new york,ny,521644,0.0433,0.0454,54599,0.0372,-0.2751,87,0.0298,0.3730,23596,0.5714,-0.0086,944,0.3882,0.2757,7696,0.4499,-0.5727,27958,0.0056,0.8168,258,0.0320,0.1576,1824,0.0133,-0.0055,1124938,-0.0053,0.0411,82558,0.0408,-0.0932,0.5121,-0.0161,0.3078,1
5/1/2020,new york,ny,500000,-0.0290,0.0054,52639,-0.0616,-0.2688,84,0.3333,0.3659,15016,1.0491,-0.4216,680,1.1519,-0.2202,5308,0.7932,-0.6615,27802,-0.0341,0.9730,250,0.0014,0.1170,1800,0.0000,-0.0123,1130988,-0.0337,0.0295,79320,-0.0903,-0.0779,0.5282,0.0150,0.3324,1
4/1/2020,new york,ny,514950,0.0320,0.0531,56096,-0.0191,-0.1653,63,-0.1310,-0.0455,7328,-0.6006,-0.6793,316,-0.4589,-0.5434,2960,-0.6211,-0.7735,28784,0.0920,1.3516,250,0.0359,0.1373,1800,0.0011,-0.0140,1170479,0.0510,0.0650,87195,0.0437,0.0953,0.5131,0.0522,0.3310,0
3/1/2020,new york,ny,499000,0.0068,0.0692,57187,0.0155,-0.1017,73,-0.2677,0.0211,18348,0.1357,-0.0240,584,-0.0519,-0.2513,7812,-0.1389,-0.2987,26358,0.1038,1.3239,241,0.0288,0.1368,1798,0.0107,-0.0026,1113712,0.0060,0.0287,83546,0.0418,0.1139,0.4609,0.0369,0.2827,0
2/1/2020,new york,ny,495616,0.0478,0.1026,56316,0.0057,-0.0756,99,-0.0246,-0.0341,16156,0.0677,0.0559,616,0.0405,-0.2414,9072,-0.0530,-0.1032,23880,0.0035,1.2280,234,0.0545,0.1533,1779,0.0122,-0.0031,1107067,0.0199,0.0443,80196,0.0042,0.1188,0.4240,-0.0009,0.2481,0
1/1/2020,new york,ny,473020,-0.0030,0.0950,55998,-0.0923,-0.0797,102,0.0973,-0.0098,15132,0.6702,-0.0179,592,0.4653,-0.3537,9580,0.3478,-0.0728,23797,-0.0751,1.2520,222,0.0163,0.1393,1758,-0.0026,-0.0143,1085510,0.0073,0.0559,79862,-0.0865,0.1185,0.4250,0.0079,0.2513,0
12/1/2019,new york,ny,474450,-0.0012,0.1036,61694,-0.1152,-0.0735,93,0.1563,-0.0054,9060,-0.4069,-0.1785,404,-0.3311,-0.5144,7108,-0.4697,-0.2137,25730,-0.0622,1.1903,219,0.0085,0.1348,1762,-0.0079,-0.0173,1077606,0.0283,0.0571,87424,-0.0949,0.1160,0.4171,0.0236,0.2406,0
11/1/2019,new york,ny,475000,-0.0043,0.0882,69729,-0.0587,-0.0507,80,0.0000,-0.0476,15276,-0.1506,-0.0111,604,0.0414,-0.2598,13404,-0.1734,-0.0896,27438,0.0249,1.1903,217,0.0139,0.1208,1776,-0.0133,-0.0133,1047909,0.0037,0.0339,96587,-0.0421,0.1234,0.3935,0.0321,0.2229,0
10/1/2019,new york,ny,477068,0.0147,0.1056,74078,0.0004,-0.0285,80,-0.0244,-0.0062,17984,-0.1621,-0.1299,580,-0.7813,-0.4269,16216,-0.1409,-0.1336,26771,0.0010,1.0595,214,0.0004,0.1218,1800,-0.0039,0.0000,1044051,0.0297,0.0488,100834,0.0015,0.1298,0.3614,0.0002,0.1909,0
9/1/2019,new york,ny,470164,-0.0096,0.0960,74046,-0.0080,-0.0161,82,0.0649,0.0250,21464,0.0244,0.0365,2652,0.5419,1.2628,18876,0.0342,0.0075,26743,0.3353,0.9545,214,0.0036,0.1232,1807,-0.0067,-0.0028,1013931,-0.0115,0.0214,100678,0.0635,0.1320,0.3612,0.0928,0.1793,0
8/1/2019,new york,ny,474714,-0.0202,0.1130,74640,-0.0114,0.0026,77,0.1324,0.0694,20952,0.0065,0.0651,1720,1.4713,0.3826,18252,0.0340,0.0699,20028,0.2923,0.4101,213,-0.0191,0.1335,1819,-0.0032,0.0012,1025714,-0.0324,0.0362,94668,0.0403,0.0678,0.2683,0.0631,0.0776,0
7/1/2019,new york,ny,484500,-0.0291,0.1021,75502,0.0024,0.0145,68,0.0794,0.0226,20816,-0.1254,-0.0166,696,-0.0595,-0.4646,17652,-0.0200,-0.0167,15498,0.0071,0.0621,217,-0.0261,0.1306,1825,-0.0049,0.0000,1060090,-0.0189,0.0066,91001,-0.0005,0.0217,0.2053,0.0010,0.0092,0
6/1/2019,new york,ny,499000,0.0034,0.1114,75323,0.0463,0.0287,63,0.0244,0.0500,23800,-0.0832,-0.0547,740,-0.1514,-0.4219,18012,0.1487,0.0388,15389,0.0921,0.0593,223,-0.0042,0.1470,1834,0.0063,0.0099,1080506,-0.0165,0.0088,91042,0.0584,0.0354,0.2043,0.0086,0.0059,0
5/1/2019,new york,ny,497308,0.0170,0.1054,71990,0.0712,0.0488,62,-0.0682,-0.0160,25960,0.1360,0.0367,872,0.2601,-0.2560,15680,0.1999,0.0938,14091,0.1512,0.0392,224,0.0196,0.1318,1823,-0.0016,0.0066,1098631,-0.0004,-0.0167,86017,0.0805,0.0464,0.1957,0.0136,-0.0018,0
4/1/2019,new york,ny,489000,0.0478,0.1077,67204,0.0556,0.0653,66,-0.0704,-0.0769,22852,0.2155,-0.0167,692,-0.1128,-0.4175,13068,0.1731,0.1196,12240,0.0792,-0.0440,220,0.0354,0.1288,1826,0.0126,0.0142,1099075,0.0152,-0.0068,79610,0.0614,0.0490,0.1821,0.0040,-0.0208,0
3/1/2019,new york,ny,466714,0.0383,0.1007,63662,0.0449,0.0715,71,-0.3073,-0.1932,18800,0.2288,0.0062,780,-0.0394,-0.3060,11140,0.1012,0.1937,11342,0.0582,0.0147,212,0.0438,0.1215,1803,0.0102,0.0015,1082618,0.0212,-0.0171,75004,0.0464,0.0563,0.1782,0.0022,-0.0100,0
2/1/2019,new york,ny,449500,0.0405,0.1182,60924,0.0013,0.0541,103,0.0000,-0.0238,15300,-0.0070,-0.0625,812,-0.1135,-0.0856,10116,-0.0209,0.1941,10718,0.0143,0.0212,203,0.0417,0.1225,1785,0.0008,-0.0086,1060116,0.0312,-0.0348,71681,0.0039,0.0496,0.1759,0.0023,-0.0057,0
1/1/2019,new york,ny,432000,0.0049,0.1523,60845,-0.0863,0.0811,103,0.1022,-0.0376,15408,0.3972,0.1444,916,0.1010,0.0853,10332,0.1429,0.2730,10567,-0.1005,-0.0005,195,0.0122,0.1493,1783,-0.0056,-0.0094,1028005,0.0084,-0.0178,71403,-0.0885,0.0672,0.1737,-0.0027,-0.0142,0
7/1/2021,tennessee,tn,340749,-0.0122,0.0453,9996,0.1610,-0.4305,30,0.0536,-0.3980,11788,0.0290,0.0124,516,-0.0915,-0.4819,3724,0.3752,-0.2216,14136,-0.0133,-0.0969,178,0.0089,0.1779,1996,0.0033,-0.0913,516896,-0.0012,0.1330,24133,0.0503,-0.2736,1.4142,-0.2498,0.5224,0
6/1/2021,tennessee,tn,344950,-0.0025,0.0657,8610,0.1320,-0.5271,28,0.0000,-0.4909,11456,0.0596,-0.0076,568,-0.3238,-0.4387,2708,0.3677,-0.4800,14327,-0.0034,-0.0258,176,-0.0019,0.1874,1989,-0.0055,-0.0959,517537,0.0133,0.1659,22977,0.0419,-0.3024,1.6640,-0.2261,0.8563,0
5/1/2021,tennessee,tn,345813,0.0113,0.0985,7606,0.0309,-0.6221,28,-0.2000,-0.5254,10812,0.0583,-0.0381,840,-0.0233,-0.0749,1980,0.2283,-0.5982,14376,0.0343,0.1383,177,0.0113,0.2161,2000,-0.0047,-0.0876,510743,0.0015,0.1948,22053,0.0356,-0.3268,1.8901,0.0062,1.2627,0
4/1/2021,tennessee,tn,341938,0.0365,0.1402,7378,-0.0498,-0.6525,35,-0.0789,-0.3396,10216,0.0863,0.0506,860,-0.2153,0.3438,1612,-0.0405,-0.6162,13899,0.0591,0.3580,175,0.0422,0.2331,2010,0.0030,-0.0671,509967,0.0278,0.2538,21295,0.0195,-0.3265,1.8838,0.1938,1.4018,0
3/1/2021,tennessee,tn,329900,0.0138,0.1080,7765,-0.0875,-0.6178,38,-0.0952,-0.3028,9404,0.1281,-0.1848,1096,0.1093,0.2744,1680,-0.0187,-0.6379,13123,0.0200,0.2017,168,0.0107,0.2044,2004,0.0038,-0.0737,496164,0.0227,0.2164,20888,-0.0184,-0.3355,1.6900,0.1782,1.1525,0
2/1/2021,tennessee,tn,325400,0.0201,0.1225,8510,-0.1772,-0.5951,42,-0.2632,-0.4000,8336,-0.0123,-0.1607,988,-0.0500,0.0693,1712,-0.2176,-0.6361,12866,0.1508,0.2807,166,0.0299,0.2040,1996,0.0000,-0.0708,485150,0.0402,0.2143,21280,-0.0243,-0.3150,1.5119,0.4309,1.0339,0
1/1/2021,tennessee,tn,319000,0.0002,0.1197,10343,-0.1432,-0.5444,57,0.1400,-0.2349,8440,0.1729,-0.1398,1040,0.1454,0.6250,2188,-0.1908,-0.5564,11180,-0.0974,0.3476,161,0.0265,0.1803,1996,-0.0206,-0.0690,466418,0.0152,0.1856,21809,-0.1084,-0.2966,1.0809,0.0548,0.7155,0
12/1/2020,tennessee,tn,318950,-0.0030,0.1191,12072,-0.0807,-0.5140,50,0.0989,-0.2701,7196,-0.2022,-0.0180,908,0.2473,0.7462,2704,-0.3009,-0.3469,12387,-0.0845,0.4370,157,0.0081,0.1536,2038,-0.0097,-0.0565,459444,-0.0039,0.1625,24460,-0.0825,-0.2690,1.0261,-0.0042,0.6791,0
11/1/2020,tennessee,tn,319900,-0.0154,0.1229,13132,-0.0462,-0.5139,46,0.0341,-0.2541,9020,-0.1115,-0.0743,728,-0.2691,0.2727,3868,-0.0603,-0.4681,13530,-0.0643,0.4369,156,0.0042,0.1563,2058,-0.0200,-0.0481,461262,-0.0060,0.1687,26660,-0.0558,-0.2727,1.0303,-0.0199,0.6818,0
10/1/2020,tennessee,tn,324900,-0.0003,0.1207,13768,-0.0376,-0.4980,44,-0.0222,-0.2281,10152,-0.0331,-0.1051,996,-0.2611,0.4393,4116,0.0363,-0.4763,14459,-0.0399,0.3364,155,0.0060,0.1503,2100,-0.0155,-0.0400,464059,0.0112,0.1786,28235,-0.0395,-0.2605,1.0502,-0.0025,0.6557,0
9/1/2020,tennessee,tn,325000,-0.0122,0.1324,14306,-0.0908,-0.4723,45,-0.0217,-0.2105,10500,-0.0955,-0.0936,1348,-0.0639,-0.2965,3972,-0.1282,-0.5154,15060,-0.0019,-0.0071,154,0.0113,0.1494,2133,-0.0184,-0.0267,458911,-0.0049,0.1671,29397,-0.0462,-0.3039,1.0527,0.0938,0.4932,0
8/1/2020,tennessee,tn,329000,0.0092,0.1319,15734,-0.1036,-0.4230,46,-0.0612,-0.2069,11608,-0.0031,-0.0504,1440,0.4458,0.0256,4556,-0.0477,-0.4403,15088,-0.0360,0.1278,152,0.0085,0.1347,2173,-0.0105,-0.0197,461193,0.0109,0.1721,30822,-0.0723,-0.2416,0.9589,0.0672,0.4683,0
7/1/2020,tennessee,tn,325995,0.0071,0.1205,17552,-0.0360,-0.3591,49,-0.1091,-0.1171,11644,0.0087,-0.0776,996,-0.0158,0.3175,4784,-0.0814,-0.4203,15652,0.0643,0.3499,151,0.0171,0.1260,2196,-0.0018,-0.0150,456233,0.0278,0.1587,33224,0.0087,-0.1476,0.8918,0.0840,0.4684,0
6/1/2020,tennessee,tn,323693,0.0282,0.1162,18208,-0.0954,-0.3243,55,-0.0678,0.0577,11544,0.0270,-0.0984,1012,0.1145,0.4457,5208,0.0568,-0.3522,14707,0.1645,0.2356,148,0.0222,0.1127,2200,0.0036,-0.0143,443912,0.0385,0.1215,32938,0.0055,-0.1502,0.8077,0.1803,0.3660,0
5/1/2020,tennessee,tn,314810,0.0497,0.0856,20129,-0.0520,-0.2359,59,0.1132,0.1919,11240,0.1559,-0.1784,908,0.4188,0.1762,4928,0.1733,-0.3279,12629,0.2339,0.0337,145,0.0255,0.0841,2192,0.0176,-0.0122,427465,0.0510,0.0898,32758,0.0361,-0.1515,0.6274,0.1454,0.1636,0
4/1/2020,tennessee,tn,299900,0.0072,0.0400,21234,0.0452,-0.1645,53,-0.0275,0.0192,9724,-0.1571,-0.2520,640,-0.2558,-0.1257,4200,-0.0948,-0.3783,10235,-0.0627,-0.1275,142,0.0179,0.0651,2154,-0.0042,-0.0225,406722,-0.0028,0.0553,31617,0.0059,-0.1450,0.4820,-0.0555,0.0205,0
3/1/2020,tennessee,tn,297750,0.0271,0.0659,20316,-0.0334,-0.2164,55,-0.2214,-0.0917,11536,0.1615,0.0533,860,-0.0693,0.2573,4640,-0.0136,-0.2408,10920,0.0870,0.0088,139,0.0105,0.0565,2163,0.0070,0.0040,407883,0.0209,0.0920,31432,0.0118,-0.1446,0.5375,0.0595,0.1200,0
2/1/2020,tennessee,tn,289900,0.0176,0.0741,21018,-0.0741,-0.2184,70,-0.0604,-0.1026,9932,0.0122,-0.0783,924,0.4438,0.3750,4704,-0.0462,-0.1671,10046,0.2109,0.0360,138,0.0095,0.0567,2148,0.0019,0.0195,399514,0.0156,0.1059,31064,0.0019,-0.1506,0.4780,0.1125,0.1174,0
1/1/2020,tennessee,tn,284900,-0.0004,0.0564,22701,-0.0861,-0.1768,75,0.0876,-0.0802,9812,0.3390,-0.0297,640,0.2308,-0.0588,4932,0.1913,-0.1473,8296,-0.0376,0.0342,136,0.0033,0.0516,2144,-0.0074,0.0180,393396,-0.0046,0.0923,31005,-0.0733,-0.1306,0.3654,0.0184,0.0746,0
12/1/2019,tennessee,tn,285000,0.0004,0.0623,24839,-0.0806,-0.1549,69,0.1230,-0.0743,7328,-0.2479,-0.0161,520,-0.0909,-0.1156,4140,-0.4307,-0.1989,8620,-0.0845,0.0569,136,0.0105,0.0611,2160,-0.0009,0.0198,395224,0.0014,0.0967,33459,-0.0872,-0.0986,0.3470,-0.0015,0.0695,0
11/1/2019,tennessee,tn,284900,-0.0172,0.0591,27017,-0.0149,-0.1404,61,0.0702,-0.0758,9744,-0.1410,-0.0169,572,-0.1734,-0.0774,7272,-0.0748,-0.0682,9416,-0.1297,0.0213,135,-0.0010,0.0502,2162,-0.0117,0.0181,394673,0.0024,0.0902,36656,-0.0400,-0.0984,0.3485,-0.0460,0.0552,0
10/1/2019,tennessee,tn,289900,0.0101,0.0741,27425,0.0115,-0.1398,57,0.0000,-0.0806,11344,-0.0207,0.0242,692,-0.6388,0.0679,7860,-0.0410,-0.1730,10819,-0.2867,0.1030,135,0.0052,0.0517,2188,-0.0018,0.0256,393731,0.0014,0.0844,38182,-0.0959,-0.0843,0.3945,-0.1650,0.0868,0
9/1/2019,tennessee,tn,287000,-0.0126,0.0634,27112,-0.0057,-0.1424,57,-0.0172,-0.0339,11584,-0.0524,-0.0388,1916,0.3647,1.4564,8196,0.0069,-0.1029,15168,0.1338,0.4447,134,-0.0017,0.0530,2192,-0.0114,0.0222,393194,-0.0007,0.0868,42233,0.0391,0.0041,0.5595,0.0688,0.2273,0
8/1/2019,tennessee,tn,290657,-0.0010,0.0777,27267,-0.0044,-0.1097,58,0.0450,0.0000,12224,-0.0317,-0.0408,1404,0.8571,0.8571,8140,-0.0136,-0.1110,13378,0.1538,0.2248,134,0.0007,0.0606,2217,-0.0057,0.0325,393465,-0.0007,0.0831,40642,0.0428,-0.0222,0.4906,0.0673,0.1340,0
7/1/2019,tennessee,tn,290950,0.0033,0.0780,27388,0.0164,-0.0839,56,0.0673,0.0000,12624,-0.0141,-0.0066,756,0.0800,-0.0105,8252,0.0264,-0.0790,11595,-0.0259,0.0594,134,0.0051,0.0631,2230,-0.0011,0.0312,393735,-0.0052,0.0767,38975,0.0056,-0.0466,0.4234,-0.0184,0.0572,0
6/1/2019,tennessee,tn,290000,0.0000,0.0745,26945,0.0229,-0.0539,52,0.0505,-0.0189,12804,-0.0640,-0.0358,700,-0.0933,-0.2081,8040,0.0966,-0.0137,11903,-0.0257,0.0428,133,-0.0041,0.0663,2232,0.0059,0.0300,395810,0.0091,0.0818,38759,0.0039,-0.0284,0.4418,-0.0220,0.0410,0
5/1/2019,tennessee,tn,290000,0.0057,0.0642,26343,0.0366,-0.0149,50,-0.0481,-0.0748,13680,0.0523,0.0546,772,0.0546,0.0105,7332,0.0853,0.0577,12217,0.0415,0.0562,134,0.0075,0.0739,2219,0.0070,0.0233,392247,0.0178,0.0673,38609,0.0440,0.0079,0.4638,0.0022,0.0312,0
4/1/2019,tennessee,tn,288366,0.0323,0.0782,25414,-0.0197,-0.0180,52,-0.1333,-0.0796,13000,0.1870,0.0099,732,0.0702,-0.2009,6756,0.1054,0.0744,11730,0.0836,0.0537,133,0.0097,0.0799,2204,0.0228,0.0206,385394,0.0318,0.0651,36981,0.0064,0.0040,0.4616,0.0440,0.0314,0
3/1/2019,tennessee,tn,279333,0.0349,0.0785,25925,-0.0359,0.0015,60,-0.2308,-0.0164,10952,0.0163,-0.0572,684,0.0179,-0.1320,6112,0.0822,0.1437,10825,0.1163,0.1575,132,0.0107,0.0851,2154,0.0224,0.0086,373524,0.0340,0.0632,36747,0.0048,0.0428,0.4176,0.0569,0.0563,0
2/1/2019,tennessee,tn,269900,0.0007,0.0798,26890,-0.0249,0.0386,78,-0.0370,-0.0250,10776,0.0657,0.0398,672,-0.0118,-0.2222,5648,-0.0235,0.1215,9697,0.2088,0.1720,130,0.0047,0.0928,2107,0.0005,0.0033,361249,0.0031,0.0512,36570,0.0255,0.0690,0.3606,0.0697,0.0410,0
1/1/2019,tennessee,tn,269700,0.0053,0.0792,27577,-0.0617,0.0412,81,0.0946,-0.0414,10112,0.3577,0.2189,680,0.1565,0.0180,5784,0.1192,0.2423,8022,-0.0164,0.1318,130,0.0123,0.1009,2106,-0.0057,0.0021,360140,-0.0006,0.0546,35661,-0.0393,0.0621,0.2909,0.0134,0.0233,0
7/1/2021,texas,tx,349500,0.0281,0.1233,46865,0.1341,-0.4041,35,-0.0143,-0.3839,44944,-0.0238,0.0604,3244,-0.3390,-0.2627,15820,0.3709,-0.3571,55408,-0.0304,-0.0455,165,0.0178,0.1736,2101,0.0010,-0.0587,507236,-0.0096,0.1178,102479,0.0315,-0.2511,1.1823,-0.2006,0.4442,0
6/1/2021,texas,tx,339950,0.0302,0.0950,41324,0.0954,-0.5050,35,-0.0541,-0.4215,46040,0.0792,0.0426,4908,-0.1444,-0.0145,11540,0.3551,-0.5625,57145,-0.0825,-0.0156,162,0.0210,0.1603,2099,0.0019,-0.0606,512163,0.0129,0.1402,99346,-0.0043,-0.2958,1.3829,-0.2682,0.6875,0
5/1/2021,texas,tx,330000,0.0329,0.1000,37726,0.0034,-0.5882,37,-0.1084,-0.4308,42660,0.0425,0.0315,5736,0.0084,0.4170,8516,0.0514,-0.6622,62286,0.0420,0.3414,159,0.0333,0.1514,2095,0.0101,-0.0533,505623,0.0300,0.1659,99772,0.0216,-0.2773,1.6510,0.0612,1.1442,0
4/1/2021,texas,tx,319500,0.0374,0.0831,37599,-0.0555,-0.6012,42,-0.1700,-0.2845,40920,0.0942,0.2586,5688,-0.2508,1.0256,8100,-0.0353,-0.6056,59777,0.0975,0.5635,153,0.0245,0.1346,2074,0.0034,-0.0491,490880,0.0385,0.1863,97661,0.0359,-0.2620,1.5899,0.2216,1.1844,0
3/1/2021,texas,tx,307995,0.0270,0.0442,39808,-0.0757,-0.5689,50,-0.1150,-0.0566,37396,0.1233,-0.1552,7592,0.2036,0.8025,8396,0.0229,-0.6737,54466,0.0401,0.2606,150,0.0187,0.1138,2067,0.0012,-0.0551,472694,0.0216,0.1330,94275,-0.0214,-0.3033,1.3682,0.1523,0.9003,0
2/1/2021,texas,tx,299900,0.0030,0.0381,43068,-0.1395,-0.5219,57,-0.1172,-0.1567,33292,0.0051,-0.1490,6308,-0.1652,0.3560,8208,-0.2658,-0.6554,52366,0.1895,0.3528,147,0.0138,0.1054,2065,-0.0079,-0.0495,462716,0.0209,0.1313,96332,0.0178,-0.2528,1.2159,0.3363,0.7862,0
1/1/2021,texas,tx,299000,-0.0032,0.0493,50051,-0.1250,-0.4505,64,0.0847,-0.1742,33124,0.1761,-0.0854,7556,0.5320,0.5209,11180,-0.0665,-0.5393,44024,-0.0991,0.4910,145,-0.0018,0.1022,2081,-0.0112,-0.0401,453264,-0.0083,0.1304,94647,-0.1083,-0.2163,0.8796,0.0253,0.5554,0
12/1/2020,texas,tx,299950,-0.0277,0.0514,57201,-0.0867,-0.4117,59,0.0826,-0.1862,28164,-0.1638,0.0625,4932,0.1676,0.2256,11976,-0.2834,-0.4035,48866,-0.0862,0.5285,145,-0.0018,0.1060,2105,-0.0154,-0.0388,457067,-0.0167,0.1372,106145,-0.0876,-0.1784,0.8543,0.0004,0.5255,0
11/1/2020,texas,tx,308500,-0.0143,0.0642,62629,-0.0529,-0.3970,55,0.0283,-0.1742,33680,-0.0656,0.0417,4224,-0.2430,0.3333,16712,-0.1366,-0.4471,53478,-0.0472,0.5061,146,0.0028,0.1062,2138,-0.0141,-0.0367,464816,-0.0020,0.1379,116341,-0.0516,-0.1677,0.8539,0.0051,0.5120,0
10/1/2020,texas,tx,312960,-0.0065,0.0690,66128,-0.0443,-0.3876,53,0.0000,-0.1719,36044,-0.0289,-0.0284,5580,-0.0834,0.4486,19356,-0.0328,-0.4675,56127,-0.0181,0.5141,145,0.0087,0.1018,2168,-0.0145,-0.0271,465760,-0.0001,0.1354,122675,-0.0250,-0.1549,0.8488,0.0227,0.5055,0
9/1/2020,texas,tx,315000,0.0032,0.0714,69196,-0.0673,-0.3630,53,0.0000,-0.1654,37116,-0.0761,-0.0108,6088,-0.0640,-0.2637,20012,-0.1617,-0.4872,57161,0.0076,0.2420,144,0.0171,0.0943,2200,-0.0103,-0.0163,465802,0.0162,0.1357,125826,-0.0398,-0.1856,0.8261,0.0614,0.4024,0
8/1/2020,texas,tx,314000,0.0092,0.0577,74188,-0.0567,-0.3328,53,-0.0536,-0.1017,40172,-0.0522,-0.0323,6504,0.4782,0.1031,23872,-0.0299,-0.4305,56731,-0.0227,0.2506,141,0.0078,0.0745,2223,-0.0040,-0.0143,458390,0.0101,0.1095,131044,-0.0423,-0.1630,0.7647,0.0266,0.3567,0
7/1/2020,texas,tx,311136,0.0022,0.0388,78644,-0.0580,-0.3024,56,-0.0744,-0.0088,42384,-0.0402,-0.0460,4400,-0.1165,0.2075,24608,-0.0670,-0.4321,58050,0.0000,0.2892,140,0.0062,0.0640,2232,-0.0011,-0.0208,453800,0.0103,0.0849,136837,-0.0300,-0.1328,0.7381,0.0428,0.3387,0
6/1/2020,texas,tx,310456,0.0349,0.0349,83485,-0.0888,-0.2382,61,-0.0692,0.0804,44160,0.0678,-0.0865,4980,0.2302,0.5276,26376,0.0463,-0.3438,58051,0.2502,0.2707,140,0.0132,0.0541,2235,0.0097,-0.0259,449190,0.0358,0.0586,141069,0.0218,-0.0915,0.6953,0.1886,0.2785,0
5/1/2020,texas,tx,300000,0.0169,0.0000,91621,-0.0283,-0.1269,65,0.1207,0.2150,41356,0.2720,-0.1192,4048,0.4416,-0.1358,25208,0.2273,-0.2920,46432,0.2145,0.0048,138,0.0182,0.0396,2213,0.0147,-0.0340,433671,0.0480,0.0194,138053,0.0433,-0.0866,0.5068,0.1013,0.0664,1
4/1/2020,texas,tx,295000,0.0001,-0.0149,94289,0.0211,-0.0740,58,0.0943,0.0642,32512,-0.2655,-0.2967,2808,-0.3333,-0.4116,20540,-0.2016,-0.3444,38232,-0.1152,-0.1400,135,0.0057,0.0292,2181,-0.0030,-0.0401,413805,-0.0081,-0.0135,132324,-0.0221,-0.0954,0.4055,-0.0624,-0.0311,0
3/1/2020,texas,tx,294956,0.0210,0.0077,92340,0.0250,-0.0648,53,-0.2090,-0.0862,44264,0.1315,0.0727,4212,-0.0946,-0.1837,25728,0.0803,-0.2133,43208,0.1163,0.0743,134,0.0110,0.0364,2188,0.0071,-0.0251,417200,0.0200,0.0241,135318,0.0495,-0.0262,0.4679,0.0382,0.0606,0
2/1/2020,texas,tx,288900,0.0139,0.0137,90084,-0.0109,-0.0697,67,-0.1355,-0.0629,39120,0.0802,0.0075,4652,-0.0636,-0.1758,23816,-0.0186,-0.2872,38708,0.3109,0.1227,133,0.0108,0.0383,2172,0.0018,-0.0214,409015,0.0201,0.0352,128932,0.0676,-0.0211,0.4297,0.1055,0.0736,0
1/1/2020,texas,tx,284950,-0.0012,0.0079,91077,-0.0632,-0.0543,78,0.0690,-0.0313,36216,0.3662,-0.0191,4968,0.2346,-0.0104,24268,0.2088,-0.2127,29527,-0.0764,0.1113,132,0.0016,0.0371,2168,-0.0098,-0.0199,400962,-0.0024,0.0275,120763,-0.0653,-0.0172,0.3242,-0.0046,0.0483,0
12/1/2019,texas,tx,285284,-0.0159,0.0013,97224,-0.0639,-0.0462,73,0.0985,-0.0333,26508,-0.1801,0.0217,4024,0.2702,-0.3067,20076,-0.3358,-0.2956,31969,-0.0997,0.0441,131,-0.0017,0.0362,2190,-0.0133,-0.0182,401921,-0.0161,0.0216,129193,-0.0757,-0.0254,0.3288,-0.0131,0.0284,0
11/1/2019,texas,tx,289900,-0.0097,0.0120,103862,-0.0382,-0.0316,66,0.0313,-0.0638,32332,-0.1284,-0.0233,3168,-0.1776,-0.3659,30224,-0.1686,-0.2320,35508,-0.0421,0.0698,132,-0.0012,0.0372,2219,-0.0043,-0.0129,408479,-0.0042,0.0223,139778,-0.0371,-0.0047,0.3419,-0.0014,0.0324,0
10/1/2019,texas,tx,292750,-0.0043,0.0130,107988,-0.0059,-0.0119,64,0.0079,-0.0448,37096,-0.0113,0.0720,3852,-0.5341,-0.2308,36352,-0.0685,-0.1893,37070,-0.1945,0.0803,132,0.0018,0.0387,2229,-0.0036,-0.0137,410205,0.0001,0.0215,145163,-0.0604,0.0110,0.3433,-0.0804,0.0293,0
9/1/2019,texas,tx,294000,-0.0096,0.0138,108634,-0.0230,-0.0092,64,0.0763,-0.0078,37520,-0.0962,0.0524,8268,0.4023,0.3276,39024,-0.0691,-0.1741,46023,0.0146,0.2402,131,-0.0013,0.0372,2237,-0.0083,-0.0199,410153,-0.0073,0.0181,154499,-0.0132,0.0526,0.4237,0.0157,0.0852,0
8/1/2019,texas,tx,296857,-0.0089,0.0063,111196,-0.0136,0.0054,59,0.0442,0.0172,41512,-0.0656,0.0402,5896,0.6180,-0.0912,41920,-0.0326,-0.1407,45362,0.0074,0.1394,132,-0.0021,0.0388,2255,-0.0106,-0.0209,413165,-0.0122,0.0197,156561,-0.0078,0.0408,0.4079,0.0085,0.0480,0
7/1/2019,texas,tx,299518,-0.0016,0.0017,112732,0.0286,0.0330,57,0.0089,0.0000,44428,-0.0809,0.0190,3644,0.1178,-0.4390,43332,0.0780,-0.0815,45029,-0.0144,0.0566,132,-0.0031,0.0373,2280,-0.0063,-0.0229,418276,-0.0142,0.0121,157798,0.0162,0.0397,0.3994,-0.0174,0.0089,0
6/1/2019,texas,tx,299999,0.0000,0.0003,109595,0.0444,0.0520,56,0.0467,0.0566,48340,0.0296,0.0474,3260,-0.3040,-0.4556,40196,0.1290,-0.0727,45685,-0.0113,0.0098,132,-0.0007,0.0364,2294,0.0013,-0.0234,424314,-0.0026,0.0064,155280,0.0274,0.0389,0.4169,-0.0235,-0.0174,0
5/1/2019,texas,tx,300000,0.0018,0.0003,104932,0.0305,0.0665,54,-0.0183,0.0288,46952,0.0157,0.0090,4684,-0.0184,-0.2286,35604,0.1363,-0.0560,46209,0.0394,-0.0087,132,0.0080,0.0367,2291,0.0084,-0.0216,425418,0.0142,0.0077,151141,0.0332,0.0424,0.4404,0.0038,-0.0334,0
4/1/2019,texas,tx,299448,0.0230,0.0015,101827,0.0313,0.0868,55,-0.0603,0.0283,46228,0.1203,0.0086,4772,-0.0752,-0.2694,31332,-0.0420,-0.1260,44457,0.1053,0.0058,131,0.0128,0.0345,2272,0.0125,-0.0215,419451,0.0297,0.0035,146284,0.0527,0.0608,0.4366,0.0293,-0.0351,0
3/1/2019,texas,tx,292714,0.0271,0.0094,98741,0.0197,0.1005,58,-0.1888,0.0000,41264,0.0627,0.0328,5160,-0.0858,-0.2641,32704,-0.0212,0.0615,40220,0.1666,0.0359,130,0.0129,0.0375,2244,0.0110,-0.0219,407365,0.0310,0.0031,138964,0.0550,0.0810,0.4073,0.0513,-0.0254,0
2/1/2019,texas,tx,285000,0.0081,0.0094,96831,0.0055,0.1098,72,-0.1062,-0.0403,38828,0.0517,0.0721,5644,0.1243,-0.0631,33412,0.0840,0.2529,34477,0.2976,0.0038,128,0.0096,0.0406,2220,0.0034,-0.0173,395097,0.0125,-0.0043,131714,0.0719,0.0820,0.3561,0.0802,-0.0376,0
1/1/2019,texas,tx,282706,-0.0077,0.0115,96306,-0.0552,0.1063,80,0.0667,-0.0244,36920,0.4231,0.1631,5020,-0.1351,-0.0211,30824,0.0815,0.2011,26569,-0.1323,-0.0464,127,0.0008,0.0417,2212,-0.0081,-0.0169,390216,-0.0081,0.0024,122875,-0.0730,0.0681,0.2759,-0.0245,-0.0442,0
